2008년,서울특별시 종로,서울특별시 중구,서울특별시 용산,서울특별시 성동,서울특별시 광진,서울특별시 동대문,서울특별시 중랑,서울특별시 성북,서울특별시 강북,서울특별시 도봉,서울특별시 노원,서울특별시 은평,서울특별시 서대문,서울특별시 마포,서울특별시 양천,서울특별시 강서,서울특별시 구로,서울특별시 금천,서울특별시 영등포,서울특별시 동작,서울특별시 관악,서울특별시 서초,서울특별시 강남,서울특별시 송파,서울특별시 강동,부산광역시 중구,부산광역시 서구,부산광역시 동구,부산광역시 영도,부산광역시 부산진,부산광역시 동래,부산광역시 남구,부산광역시 북구,부산광역시 해운대,부산광역시 사하,부산광역시 금정,부산광역시 강서,부산광역시 연재,부산광역시 수영,부산광역시 사상,부산광역시 기장,대구광역시 중구,대구광역시 동구,대구광역시 서구,대구광역시 남구,대구광역시 북구,대구광역시 수성,대구광역시 달서,대구광역시 달성,인천광역시 중구,인천광역시 동구,인천광역시 서구,인천광역시 남구,인천광역시 연수,인천광역시 남동,인천광역시 부평,인천광역시 계양,인천광역시 강화,인천광역시 웅진,광주광역시 동구,광주광역시 서구,광주광역시 남구,광주광역시 북구,광주광역시 광산,대전광역시 중구,대전광역시 동구,대전광역시 서구,대전광역시 유성,대전광역시 대덕,울산광역시 중구,울산광역시 동구,울산광역시 남구,울산광역시 북구,울산광역시 울주,부천,수원,성남,전주,안양,청주,마산,창원,광명,포항,안산,진주,고양,제주,목포,의정부,익산,군산,구미,천안,여수,춘천,원주,평택,경주,김해,순천,군포,남양주,강릉,충주,안동,경산,아산,거제,김천,정읍,용인,시흥,파주,양산,이천,구리,서산,제천,논산,기타도시,도시이외
 절도 ,977,1312,719,1190,2110,741,1022,1100,650,1148,923,1158,1342,719,1081,1331,1200,916,1178,927,1666,986,2238,1438,878,868,898,791,541,1630,653,920,1200,1271,1402,1319,304,630,830,916,916,683,1601,971,761,1597,1064,1953,234,471,206,1561,2317,1311,1279,2385,1117,146,27,1503,2837,1424,4154,2255,2044,2140,2486,1412,1236,1662,1243,3045,737,830,7883,5858,4058,3364,2483,3942,2199,3442,1616,3580,4427,1969,5066,3796,1247,2580,1322,822,2237,4248,1451,1354,1570,2003,1792,1207,1898,923,1195,1338,1285,735,2350,579,394,620,524,2784,2577,1350,775,901,1575,851,625,674,14990,16693
 장물 ,41,21,16,6,11,17,25,14,11,11,17,11,5,9,7,14,3,4,6,7,9,16,13,6,3,5,5,16,12,40,9,6,3,14,7,6,6,7,8,7,7,17,17,7,9,29,7,48,6,13,4,16,22,2,15,29,7,,1,30,3,4,10,4,11,14,26,4,6,8,6,22,3,8,13,26,39,13,8,12,20,44,16,45,23,5,43,17,6,10,10,213,9,18,11,2,8,66,62,27,8,5,7,4,5,4,12,6,6,,19,4,27,7,4,2,4,10,3,1,130,314
 사기 ,2257,2284,1349,1032,1296,2159,1578,1043,1471,993,1454,1205,1479,1140,1972,2311,1819,986,2677,1620,1735,5280,6935,2155,1319,706,861,1016,2320,3269,1259,830,1191,2002,995,928,419,1529,628,1994,1994,915,1273,780,887,1128,2099,1977,305,425,147,789,1665,598,1456,1376,820,216,47,2090,1393,827,1633,1269,1072,780,1699,809,627,669,350,1798,306,553,2692,3428,3953,2108,1545,2022,1807,1887,856,1732,2272,1141,2850,2999,1855,1591,1009,1983,1534,2235,1904,817,1089,1261,907,1712,1524,593,1171,720,851,781,910,842,1233,261,559,1485,2190,1349,793,470,914,887,469,578,14595,20264
 횡령 ,226,272,174,156,157,236,161,133,181,118,193,143,160,177,228,282,207,116,311,152,158,587,800,286,168,48,169,85,692,287,120,108,85,181,443,124,76,138,96,227,227,102,104,94,80,133,152,205,40,169,25,149,549,69,182,170,88,19,7,116,157,87,193,152,123,78,208,130,78,63,29,852,46,80,439,378,539,212,172,202,172,231,103,200,320,109,428,721,174,212,169,125,163,275,137,94,129,153,119,212,180,80,145,84,90,78,102,117,87,43,49,246,208,179,109,82,86,57,37,72,2094,2919
 배임 ,28,49,35,32,24,44,32,40,25,20,45,47,34,37,55,46,43,26,80,51,39,156,193,60,25,11,36,14,9,38,21,17,15,46,37,16,10,34,21,29,29,12,14,17,6,29,31,22,12,18,4,25,25,37,45,23,13,8,3,15,24,19,24,14,18,14,51,14,7,14,3,33,7,17,79,71,90,31,45,22,23,38,14,32,53,25,76,40,15,28,18,16,21,35,21,20,16,34,36,45,25,17,25,17,21,4,11,27,24,10,15,42,53,47,12,8,10,25,5,22,584,942
 손괴 ,296,330,204,204,406,308,307,267,244,222,265,373,323,255,294,335,310,264,403,228,457,297,589,396,269,82,106,126,97,320,191,134,222,219,234,171,29,150,109,145,145,122,329,306,158,349,335,514,45,80,50,303,358,196,364,479,249,43,3,212,479,236,245,390,223,150,184,89,95,293,126,545,99,233,1221,974,848,343,478,792,417,499,373,596,690,344,932,908,343,643,248,111,424,421,303,281,404,333,231,269,290,158,240,244,257,168,441,88,142,82,81,399,361,177,135,168,298,88,180,51,2785,2428
 살인 ,8,5,7,2,3,10,7,10,8,9,4,10,8,7,11,18,23,3,18,9,10,1,13,10,8,2,5,3,5,9,13,12,9,14,8,6,3,4,8,7,7,6,6,4,1,3,5,10,1,5,2,9,7,7,9,9,9,,,3,6,2,7,1,5,7,10,,8,5,5,12,1,3,10,26,18,17,6,16,14,16,3,9,14,6,19,24,2,6,8,5,7,12,8,5,4,14,10,8,3,11,8,4,5,3,3,8,8,5,3,10,12,11,6,4,1,4,7,7,96,114
 강도 ,29,30,19,33,48,38,30,45,40,24,26,31,35,24,37,36,60,29,43,28,35,40,88,54,52,12,17,26,7,100,24,75,26,57,21,31,7,15,23,45,45,14,28,39,37,35,21,40,3,16,11,22,56,22,42,63,41,2,1,11,19,21,41,17,55,44,113,163,65,40,17,56,9,14,157,131,67,53,38,93,33,102,73,45,111,29,69,39,19,41,14,18,37,76,19,17,33,49,16,28,17,26,23,27,16,11,15,14,11,5,11,36,55,22,9,6,27,11,5,8,246,195
 방화 ,13,21,21,10,7,24,10,14,14,17,15,10,13,39,21,10,10,11,22,9,14,22,15,12,15,9,14,3,,34,6,9,9,4,12,8,3,5,10,16,16,14,12,11,16,13,8,20,6,5,3,21,17,14,16,29,7,1,,15,17,4,14,10,8,13,5,4,8,10,7,17,2,12,69,40,44,26,12,37,13,13,5,20,26,23,42,39,10,19,10,6,11,44,6,17,10,14,13,16,8,5,9,5,5,3,8,4,2,4,6,16,14,11,9,2,18,9,4,5,152,167
 강간 ,163,178,81,96,160,121,116,137,122,86,116,96,128,118,83,139,221,98,157,172,231,212,294,177,114,39,39,46,37,166,62,79,88,132,51,60,13,66,33,101,101,58,75,62,45,63,78,125,22,35,17,111,140,83,143,219,98,14,3,71,104,69,133,99,103,111,184,58,63,79,43,126,40,26,343,377,328,191,178,281,178,162,70,116,222,85,344,215,113,166,102,83,95,201,86,112,154,95,65,101,86,52,96,74,49,52,76,57,48,18,29,144,121,78,58,51,71,36,29,27,1020,1004
 폭행 ,1507,1442,633,840,1187,1708,1662,1326,1106,996,1440,1112,1106,954,1214,1631,1423,943,1696,1042,2090,1347,2421,1867,1330,187,185,227,207,821,458,228,328,715,336,244,43,413,202,359,359,416,803,968,582,871,770,1388,147,235,95,850,999,540,841,1232,756,118,20,701,1458,497,1036,1024,505,213,265,78,124,584,248,934,196,459,2648,1984,1739,1317,1277,1685,1089,873,959,697,1505,467,2066,1877,925,1300,665,489,515,485,896,242,609,588,325,1017,726,829,1008,673,306,325,573,75,145,161,129,877,1304,664,205,377,883,133,260,87,6523,4418
 상해 ,683,633,464,621,819,545,708,491,602,363,776,979,672,803,450,799,913,523,983,496,511,559,951,766,846,429,358,421,395,1194,632,560,735,709,676,588,151,598,423,750,750,363,825,604,508,902,913,1292,231,311,123,645,768,346,1001,1035,464,108,32,319,523,216,761,366,348,552,700,319,289,396,340,917,159,293,1452,2074,2189,545,1063,955,821,983,375,978,1309,608,1266,1405,692,899,319,303,708,834,444,705,931,761,520,692,460,228,399,537,431,473,336,358,504,190,198,634,364,330,595,301,219,237,249,261,6991,6105
 협박 ,25,24,18,16,23,35,24,22,26,31,33,51,32,36,12,27,27,12,32,29,39,36,85,39,18,5,7,6,12,29,18,23,14,35,15,14,2,13,19,15,15,5,44,15,10,20,32,47,5,3,3,20,17,4,17,20,10,5,,13,24,13,24,25,25,53,35,20,20,19,4,25,7,16,248,60,94,54,43,56,22,51,12,51,37,19,54,96,33,32,31,28,14,31,40,18,26,23,28,35,32,6,23,17,10,24,11,11,22,5,24,21,23,15,38,17,21,3,6,9,277,340
 공갈 ,22,30,18,10,17,30,26,23,20,10,25,25,21,19,23,23,32,19,34,14,27,25,52,54,34,10,13,13,10,62,23,48,20,57,17,13,2,19,11,14,14,16,26,24,7,43,30,61,10,6,3,36,36,31,25,56,23,6,1,132,62,46,45,32,96,29,57,20,88,61,9,46,13,12,164,103,90,52,55,74,42,60,26,43,39,16,94,63,76,64,20,22,58,69,36,20,15,39,14,20,64,19,30,18,12,21,23,17,10,11,7,28,17,13,10,8,29,7,3,5,320,245
 약취와유인 ,1,1,1,2,2,3,,,1,1,2,3,4,1,2,4,,,1,4,1,4,2,2,3,,2,1,,4,2,1,,1,3,,,1,1,3,3,4,,1,3,1,1,2,1,1,2,2,2,2,5,1,2,,,4,4,1,,,,,,1,2,1,,1,,1,4,7,7,3,3,3,1,2,3,3,11,2,6,3,3,9,3,,1,5,5,,,6,,2,1,1,1,,,1,1,1,2,1,,9,3,3,1,1,,,,1,20,15
 체포와감금 ,6,6,8,3,7,7,8,7,8,1,6,6,6,5,1,2,5,3,4,1,4,7,21,18,7,3,2,6,,6,5,1,5,6,,3,2,6,3,4,4,3,4,2,2,5,7,9,2,1,1,1,7,3,4,2,7,1,,2,5,3,6,6,11,8,12,3,6,4,1,5,2,5,13,17,22,10,13,11,7,6,3,18,16,5,6,8,9,6,2,3,4,16,2,7,6,7,6,11,10,6,8,6,3,4,4,3,2,3,5,6,5,6,3,2,3,3,,1,84,85
 폭력행위등（단체등의구성.활동） ,2,2,,1,,3,,1,,,3,2,1,3,,,1,1,2,1,1,1,11,,1,,1,1,,,,,,6,,,,,,,,,,,1,2,,,,1,1,,6,,1,3,2,,,1,6,1,6,,,,2,3,2,,,3,,,2,26,14,6,3,13,1,,1,,1,,2,4,5,2,7,5,1,35,1,5,9,34,,2,1,2,1,1,1,,,2,,,3,3,28,,,,3,,,1,78,28
 폭력행위등처벌에관한법률위반 ,425,602,404,359,477,521,576,402,465,283,485,463,382,492,349,574,552,439,669,346,608,491,852,648,493,196,143,160,148,671,273,259,318,450,318,296,39,302,171,289,289,314,451,302,186,449,417,531,118,150,51,456,657,257,531,805,370,66,23,364,545,239,463,382,373,323,504,160,223,317,184,415,89,168,1333,1763,1225,496,568,815,487,441,333,597,946,289,944,793,555,840,316,277,345,630,293,327,498,623,317,421,257,161,430,222,170,251,201,205,291,114,99,433,518,298,206,167,349,129,172,130,4156,4416
 통화 ,5,591,7,6,136,351,11,12,1,,72,8,3,,1,3,82,9,2,2,2,1,110,72,,34,7,23,8,59,20,16,28,28,,2,3,14,12,21,21,25,9,1,1,4,4,11,,19,8,44,15,43,13,137,11,,,24,50,10,29,3,12,74,62,1,56,4,,29,1,1,91,11,3,9,7,44,8,14,3,15,1,5,1,4,1,130,,,,79,6,64,63,66,1,1,2,,,,3,1,4,21,1,,4,75,8,10,3,,153,2,8,,102,149
 유가증권.인지.우표 ,19,32,11,17,9,55,12,8,12,7,6,4,16,21,22,10,20,12,35,11,15,61,110,20,18,2,6,3,1,9,6,10,6,5,3,4,2,5,3,9,9,5,4,12,7,8,11,25,2,2,2,7,18,2,12,7,6,1,,5,1,3,10,5,5,8,15,2,,1,,7,3,,44,27,39,5,3,10,6,10,12,9,17,1,13,8,,2,12,3,8,13,2,5,5,5,2,1,12,8,13,5,7,1,3,6,9,2,2,16,5,14,11,12,7,1,14,1,96,73
 문서 ,512,322,136,129,111,215,120,123,111,94,193,144,226,120,254,292,182,116,263,129,158,411,474,193,171,53,62,100,535,214,87,98,58,140,85,103,90,144,46,89,89,1551,114,35,50,74,184,129,39,285,37,114,197,60,131,195,91,32,5,90,108,54,100,79,120,90,181,74,70,52,23,116,33,37,258,543,419,171,206,205,190,142,93,128,246,92,303,281,125,178,97,69,101,166,142,104,113,168,85,122,78,70,151,80,65,74,191,79,88,22,73,295,141,153,48,36,85,49,55,60,1556,2282
 인장 ,7,4,2,2,5,7,10,7,6,5,7,3,9,4,3,5,3,2,8,2,,10,8,3,4,,,,,6,6,,2,4,5,2,4,6,1,3,3,2,,1,2,3,7,3,,12,,4,3,3,4,5,3,,85,1,5,8,7,4,6,1,5,4,3,,1,2,,3,16,6,8,2,1,8,2,9,1,5,1,1,7,8,14,7,4,1,5,5,7,3,1,4,1,7,6,4,5,6,3,,3,1,1,4,1,3,2,2,4,,5,2,2,1,56,208
 직무유기 ,11,2,3,,,5,,3,6,2,1,6,5,1,7,1,7,1,7,1,4,9,6,4,4,1,,2,,3,,2,1,2,2,,1,2,3,2,2,1,2,,,2,2,2,10,1,,3,7,1,3,,,,,,2,1,6,1,1,3,2,1,1,,,3,1,,2,13,7,5,12,9,7,9,2,9,3,7,7,,2,5,1,4,3,1,5,10,1,4,2,4,3,3,2,4,,2,2,2,4,1,2,5,3,4,2,,,1,1,1,68,75
 직권남용 ,3,7,3,1,,4,5,1,5,3,,3,3,8,1,3,2,1,2,4,4,5,6,,4,,1,1,2,3,1,1,5,2,,,,2,,3,3,,1,1,4,3,3,3,10,2,,1,5,,2,3,1,1,,4,2,1,7,2,2,2,1,4,,1,,,,,2,22,7,4,12,4,5,8,4,1,6,7,2,7,2,3,3,2,,4,3,3,3,2,3,2,8,1,4,,1,6,2,,,,,4,7,3,,,2,2,1,1,38,40
 수뢰 ,10,12,,2,,2,,,6,3,3,6,7,3,4,4,3,2,3,2,4,10,16,9,4,1,,3,,3,1,1,,5,,1,,1,,,,,1,,,4,1,,3,2,,3,5,4,13,,2,1,,,6,,2,1,2,1,2,,,,1,4,1,2,5,2,4,2,2,2,1,3,4,3,2,2,8,18,10,,2,,2,5,,1,,1,4,3,2,,5,,,3,,2,,1,,6,,1,,,,,,,64,43
 증뢰 ,7,4,2,1,,,2,,1,1,3,1,1,,,1,,,3,1,2,1,2,3,1,2,,1,,,1,1,,2,1,,,1,,,,,,,,2,1,,,1,,,4,,3,,,,,1,,,4,,,,1,1,,2,1,4,,,4,1,,1,1,4,1,2,,4,1,,5,15,8,2,,,4,1,,,,5,2,1,,,4,1,1,1,1,1,,,,,1,,,1,2,,,,18,25
 간통 ,11,9,7,7,11,11,18,16,18,10,19,15,16,17,16,31,16,5,15,13,24,22,30,30,23,6,8,1,7,21,13,11,13,32,11,9,2,10,10,19,19,4,29,11,6,18,24,33,6,5,4,16,13,10,19,17,14,6,2,8,17,10,22,20,13,12,13,17,9,10,3,31,6,11,30,46,44,49,23,29,22,26,11,20,32,16,45,27,19,18,18,16,15,27,14,9,13,11,21,28,23,11,19,15,16,10,12,10,10,2,8,31,27,21,11,9,12,8,4,7,189,189
 혼인빙자간음 ,3,3,9,3,7,6,5,4,8,1,1,10,7,5,10,10,9,1,4,3,8,10,24,7,5,2,2,,,7,3,3,2,11,8,3,,2,,3,3,1,2,2,2,2,3,10,,1,,1,5,2,4,3,1,,,1,9,5,1,2,3,3,6,2,,,3,12,1,1,6,12,17,3,2,3,,8,4,3,2,2,8,5,4,5,7,2,2,5,1,2,,4,3,3,2,2,9,3,3,5,1,3,2,1,1,2,2,8,1,5,,,,,36,28
 기타음란행위 ,4,5,4,5,5,3,3,4,3,1,4,8,5,3,1,8,6,1,9,2,4,5,1,2,5,3,4,4,,7,8,3,7,10,5,3,1,1,7,7,7,5,3,8,,1,2,3,,,2,6,5,4,13,15,15,2,,8,,3,7,5,6,,1,1,1,2,1,5,5,3,13,20,19,3,13,8,6,8,4,9,12,4,11,6,4,11,1,1,2,4,4,5,8,5,,2,3,3,2,1,3,,1,3,1,,2,9,1,2,2,3,4,2,1,1,31,21
 도박과복표 ,124,92,36,72,58,78,121,170,53,46,31,66,54,63,63,122,266,89,114,181,119,63,105,91,100,30,76,41,26,77,53,78,226,304,46,52,25,37,14,219,219,19,72,90,36,103,63,93,44,41,14,52,70,45,72,76,96,11,,17,50,30,69,79,42,28,75,31,65,44,45,78,33,36,145,219,169,146,91,105,79,170,30,193,171,45,127,117,94,65,42,33,78,98,41,45,113,71,133,104,43,25,58,27,37,78,52,56,51,33,30,70,107,56,108,35,58,17,30,25,939,1102
 신앙 ,4,,,,,3,,1,,,1,,,,,1,1,,,,2,1,1,,,,,,,,,,1,,,,1,,,,,,1,,,,,,,5,,,,,1,1,,2,,1,,,1,3,1,1,1,,,,,,,3,1,1,2,1,,,1,,,3,1,2,,7,1,,2,11,1,,2,,,2,2,3,2,,2,1,2,,1,3,4,3,1,4,,4,3,3,,1,1,1,32,65
 과실치사상 ,15,16,8,5,9,12,10,14,14,12,11,13,14,15,8,9,12,4,16,9,20,11,13,9,7,,5,3,,14,11,5,4,8,8,9,2,4,5,4,4,1,14,2,5,6,11,17,4,2,3,12,15,6,10,11,6,1,2,4,5,5,13,12,1,4,2,3,4,10,2,7,2,7,28,20,17,11,19,11,12,11,7,9,14,7,23,12,8,15,,2,7,9,8,10,14,8,6,12,6,7,14,7,1,2,5,4,4,,,7,12,9,10,6,1,4,8,7,87,140
 업무상과실치사상 ,12,22,12,15,10,6,9,15,7,6,16,12,20,15,10,10,10,6,14,18,9,32,54,24,14,7,12,6,3,16,11,10,8,19,23,13,19,9,10,7,7,10,10,4,5,7,12,27,6,24,4,22,18,9,20,15,11,6,20,14,8,11,18,15,8,5,26,9,10,5,17,30,9,30,34,35,27,27,14,17,25,25,3,34,28,17,41,51,18,11,25,27,20,23,34,15,22,30,16,30,15,9,19,9,11,16,11,14,21,5,11,27,15,19,21,24,6,3,5,13,294,407
 실화 ,13,30,12,5,8,14,10,27,5,25,20,6,10,13,8,8,6,8,8,8,4,13,16,6,7,3,2,19,12,20,3,12,8,5,19,4,8,3,6,7,7,2,8,3,8,7,7,9,2,6,2,11,7,6,6,19,22,1,2,8,18,38,4,33,3,6,54,18,3,3,5,16,5,13,49,18,13,43,6,40,4,8,24,7,11,8,88,18,15,3,10,8,14,20,8,5,9,81,6,18,8,1,14,4,37,3,7,6,5,9,2,8,5,6,1,5,7,5,27,,147,282
 명예 ,181,124,87,68,79,109,110,86,67,67,136,88,101,139,88,104,91,53,242,76,177,139,189,117,98,25,43,41,36,118,62,52,80,131,113,54,18,65,39,73,73,34,67,33,40,72,61,82,27,41,10,57,84,48,112,115,42,22,2,68,84,42,106,61,36,29,95,45,24,55,12,63,34,44,169,261,280,148,150,129,90,111,80,106,99,104,140,143,91,88,66,74,52,64,99,38,43,47,55,98,67,61,107,50,24,30,39,33,47,13,27,108,59,80,72,32,61,16,30,45,760,955
 권리행사방해 ,18,19,29,17,32,34,39,21,19,17,35,25,23,18,34,38,22,9,30,25,49,90,121,43,28,8,17,11,8,39,23,16,13,21,26,19,11,25,18,37,37,8,9,15,7,20,18,22,4,10,2,11,29,9,33,21,14,2,1,16,18,8,24,17,11,8,33,10,8,11,1,18,5,5,42,47,98,49,27,26,13,28,13,16,35,14,51,25,20,27,17,15,15,31,13,9,12,24,9,28,17,9,36,19,10,9,15,8,10,6,7,33,22,23,11,5,13,11,7,14,266,342
 신용업무경매 ,302,232,81,114,87,145,197,77,132,72,109,117,145,170,149,200,232,148,235,117,240,195,271,135,148,24,38,46,24,160,77,34,72,118,59,50,16,66,33,65,65,48,122,89,40,105,80,106,21,38,18,113,96,35,169,215,74,29,5,91,131,49,139,76,42,23,66,31,18,65,17,133,27,30,348,541,370,81,252,100,79,105,140,86,339,53,234,271,132,184,60,41,89,124,85,29,114,162,72,101,65,68,110,28,38,61,51,43,49,21,11,100,136,113,63,39,101,23,26,19,918,865
 주거침입 ,50,32,35,47,50,63,68,41,37,25,39,49,51,53,36,63,30,43,49,53,81,57,76,45,63,7,24,15,37,51,35,19,15,41,27,21,3,20,13,28,28,7,35,29,24,40,38,52,12,6,7,41,28,30,57,56,25,13,,25,43,38,52,30,22,13,28,10,13,30,16,49,18,23,105,133,135,53,67,72,43,53,22,66,77,40,93,153,52,57,25,13,42,66,47,53,52,39,26,35,43,22,45,24,19,26,36,21,24,16,20,47,43,25,20,20,32,14,16,16,453,524
 비밀침해 ,,,,,,,,1,,,,,,,,,,,,,,,4,,,,,,,,,,,2,,1,,1,,1,1,,,,,,1,,,,,,,1,,,,,,,,,,,,,,,,,,,,,,2,,3,1,2,,,,1,1,,,,,,,,,,,,,,1,2,,,,,,,,,1,,,,,1,,1,,,,,4,
 유기 ,,,1,,1,2,,,2,5,,4,3,4,,1,,,2,1,,1,,,,1,1,2,,,1,1,1,1,2,3,,,1,,,,1,1,,,,,,1,,2,1,1,1,,,,,1,1,,,,,,2,1,1,,,4,,2,6,4,3,,4,3,3,,1,1,3,1,3,1,2,3,5,3,2,3,,1,2,1,,1,3,,1,1,,,,,,1,,1,1,3,,,1,,1,1,10,11
 낙태 ,,,,,,,1,,,,,,,,,,,,,,,,2,,1,,1,,,,3,,,1,2,,,,,,,,,,,,1,,,,,,,,,1,,,,,,,,2,,,,,,,,1,,,,1,,,,,,1,,1,1,,,,,,,1,,,,,,,,2,,,,,,,,,,,,,,1,,,,,1,,5,
 아편 ,,,,,,,,,,,,,,,,,,,,,,,,,,,,,,,,,,,,,,,,,,,,,,,,,,,,,,,,,,,,,,,,,,,,,,,,,,,,,,,,,,,,,,,,,,,,,,,,,,,,,,,,,,,,,,,,,,,,,,,,,,
 교통방해 ,58,26,9,3,3,4,5,4,2,1,8,3,14,17,10,5,,2,11,3,6,9,7,2,9,,3,5,2,8,1,2,,2,3,2,5,2,,,,1,4,2,1,6,3,22,3,10,,2,2,2,5,3,1,10,6,2,1,1,4,3,2,,,1,1,6,3,3,2,9,14,16,9,7,7,9,7,9,4,13,10,6,18,17,5,5,5,7,2,16,14,5,10,6,10,14,1,2,15,5,2,7,3,12,12,2,4,15,2,9,4,6,3,2,4,5,122,279
 공무방해 ,203,232,88,82,158,172,138,126,135,98,115,159,169,141,94,188,152,142,255,103,311,156,194,165,175,59,34,48,44,165,112,43,77,113,110,57,55,88,48,69,69,84,146,112,70,141,145,201,38,64,29,142,145,71,173,163,132,22,7,42,128,27,73,70,80,72,90,41,52,92,51,184,37,56,384,511,439,64,261,333,176,215,199,168,205,108,253,251,116,177,56,87,104,155,60,70,87,194,72,195,53,58,127,84,70,50,56,42,87,24,35,146,118,124,61,48,101,34,27,32,1285,942
 도주와범인은닉 ,3,1,3,2,3,25,3,4,12,4,4,8,1,2,8,6,2,8,4,,3,9,3,2,,2,,3,1,4,1,,,3,5,4,2,4,,1,1,1,1,2,1,3,4,4,,4,,5,3,,1,5,1,,1,,1,,3,2,1,3,2,,3,1,,2,2,2,11,4,14,2,1,5,7,10,2,14,5,2,16,27,11,7,12,3,11,9,1,2,1,9,10,3,18,2,8,6,2,11,1,,5,,1,,2,3,4,,2,4,5,2,73,40
 위증과증거인멸 ,2,8,14,2,60,8,6,2,12,7,107,3,10,63,118,20,14,3,18,7,5,275,18,4,4,1,7,2,,6,10,3,5,54,,9,3,193,,14,14,,4,3,,4,122,11,,,2,2,61,1,5,2,,2,,108,4,,9,,2,3,107,,2,,1,37,,,46,118,66,47,10,30,10,110,8,24,24,38,43,41,36,68,2,20,5,22,2,30,15,34,26,3,46,3,2,14,7,14,1,,,16,9,14,5,14,2,1,3,18,13,26,158,133
 무고 ,28,19,25,12,31,37,36,15,27,25,64,33,32,43,64,37,21,7,38,18,29,132,61,25,16,14,9,9,11,36,17,27,23,38,14,20,4,60,8,46,46,8,15,10,7,13,43,22,9,9,1,4,31,8,21,13,11,4,1,31,11,13,27,19,15,4,38,4,16,9,5,14,1,6,47,65,74,39,18,18,21,36,11,40,29,33,79,36,32,48,24,13,24,28,33,25,13,26,17,27,30,10,25,20,10,4,8,12,18,15,8,11,11,26,10,5,11,16,17,11,331,255
 공안을해하는죄 ,,,1,,,1,,,1,,,,2,3,,,,,2,,1,2,,,,,,,,2,,,,,,,,,,,,,,,,,,,,,,,,,,,1,,,,1,,,,,,,,,,,,,,1,2,1,,,1,,,,1,,,1,,,,,,,,,,,,,,,,,,,,,,,1,,,,1,,,,,1,,4,1
 내란의죄 ,,,,,,,,,,,,,,,,,,,,,,,,,,,,,,,,,,,,,,,,,,,,,,,,,,,,,,,,,,,,,,,,,,,,,,,,,,,,,,,,,,,,,,,,,,,,,,,,,,,,,,,,,,,,,,,,,,,,,,,,,,
 음용수에관한죄 ,,,,,,,,,,,,,,,,,,1,,,,1,,,,,,,,,,,,,,,,,,1,1,,,,,,,,,,,,,,,,,,,,,,,,,,,,,,,,,,,1,,,,,1,,,,,1,,1,,,,,,1,4,,,,,,,,,1,,,,,,,,1,,,,,,,1,,5,3
 일수와수리에관한죄 ,,,,,,,,,,,,,,,,,,,,,,,,,,,,,,,,,,,,,,,,,,,,,,,,,,,,,,,,,,,,,,,,,,,,,,,,,,,,,,,,,,3,,,,,,1,,,,,1,,,,1,,,,,,,,,,,,,,1,,,,,,,,,,,4
 기타 ,,,,,,,,,,,,,,,,,,,,,1,,,,,,,,,,,,,,,,,,,1,1,1,,,,,,,,,,,,,,,,,,,,,,,,,,,,,,,,,1,,,,,,,,,,,,,,,,,,,,,,,,,,,,,,,,,,,,,,,,,,,,,,1,
 가정폭력범죄의처벌등에관한특례법 ,2,2,1,1,,4,2,,1,,2,2,5,,1,,,1,1,,,2,2,,,,1,,,,,1,1,3,3,,,,,,,,,,,,3,,,,,,,,,2,,1,,,1,1,2,2,,,4,1,1,,,,,1,,,1,2,,,,1,,,,1,1,1,,,,,,1,,1,2,,,,,,,,1,1,1,,,,,,1,,,,,1,,1,4,9
 개발제한구역의지정및관리에관한특별조치법 ,2,,1,,3,,8,2,,3,8,8,1,1,7,60,11,,,1,,23,42,4,28,,,,,1,2,,3,9,1,41,286,,,14,14,,30,,,10,2,,1,,,19,,,29,,52,,,,6,1,5,4,,3,1,25,7,7,,5,,22,67,20,27,,5,,14,31,29,,51,,370,,,30,,,,,,,,,,79,,16,404,,,,,1,,,,3,305,1,4,,41,,,,203,34
 개항질서법위반 ,,,,,,,,,,,,,,,,,,,,,,,,,,1,2,,14,,,3,,,19,,2,,1,,,,,,,,,,,11,,,,,,,,1,1,,,,,,,,,,,,3,3,,450,,,,,,,7,,,19,,,,10,12,,,2,,,13,,,,,,2,,,8,,,,,18,,,,,,,,,,,,253,74
 건설기계관리법위반 ,,,,,,1,3,1,,1,,,,1,2,5,,,4,,,3,2,1,,,2,1,2,5,6,2,2,4,15,,12,2,,25,25,,3,1,,1,2,5,1,377,,109,,14,2,,1,,1,,1,3,1,7,1,,1,1,1,2,2,4,8,9,3,1,1,6,,8,9,,3,4,4,3,11,42,,,1,106,,5,148,1,2,4,6,11,1,,12,2,2,,2,5,1,,,7,11,3,3,,1,3,6,4,71,271
 건설산업기본법위반 ,,3,,6,,14,2,2,2,,1,,1,2,2,4,1,,4,1,2,4,3,9,1,,,,1,3,1,1,,2,,,2,6,,3,3,2,,1,3,3,3,3,5,3,,4,1,,1,1,,,,,1,3,,1,,3,3,1,2,1,,2,1,,,3,4,1,2,,1,5,,1,4,2,5,1,4,,1,1,1,2,4,,,3,,2,3,1,1,,,,,1,,,,3,1,1,,1,,2,1,,21,26
 건축법위반 ,21,12,20,27,9,118,15,15,15,13,9,10,4,27,37,29,6,7,27,22,12,22,11,47,8,5,24,21,19,19,54,62,31,42,14,26,53,20,10,42,42,7,4,,,2,8,11,3,39,6,101,38,40,63,37,52,31,14,1,13,6,2,2,12,33,32,35,5,5,9,15,9,25,73,144,58,35,19,83,34,86,4,43,79,33,201,29,4,7,19,18,19,46,8,53,73,46,27,75,6,12,99,36,14,12,15,30,15,14,2,90,12,90,21,39,19,31,9,37,892,600
 고용보험법위반 ,,16,1,4,3,8,3,2,27,49,15,3,3,4,5,12,19,3,25,25,16,1,6,11,3,2,2,1,,45,15,7,6,6,1,2,,,9,,,,10,4,,5,4,1,,3,,5,6,2,23,6,26,,,2,,,,1,,,40,,,3,3,81,2,6,53,25,5,16,8,10,1,,1,34,34,,19,,2,31,5,13,6,1,4,,,,34,2,,1,5,,,4,5,1,1,1,1,14,4,6,3,,15,1,,,52,12
 골재채취법위반 ,,,,,,,,,,,,,,,,,,,,,2,,,,,,,,,,,,,,,,,,,,,,,,,,,,,,,4,,,,,,,20,,,,,,,,,,,,,,,2,,,2,,1,,,,,1,,,2,,,,,,,,,,2,4,2,,1,,2,,,1,,4,,,1,,,,2,3,,,,,17,34
 공업배치및공장설립에관한법률위반 ,,,,,,,,,,,,,,,,,,,,,,,,,,,,,,,,,,,,,,,,,,,,,,,,,,,,,,,,,,,,,,,,,,,,,,,,,,,,,,,,,,,,,,,,,,,,,,,,,,,,,,,,,,,,,,,,,,,,,,,,,,
 공유수면관리법위반 ,,,,,,,,,,,,,,,,,,,,,,,,,,1,3,,27,,,2,,3,6,,92,,,1,1,,,,,,,,,18,,1,,,3,,,7,13,,,,,,,,,,,,8,1,14,1,,,,,,,21,,,6,38,,2,8,1,,,3,,,3,,,,2,1,,,5,4,,,,,29,,,,1,,,,,2,,,42,86
 공중위생관리법위반 ,1,16,1,3,4,2,,7,3,2,10,2,,4,1,5,2,2,10,1,,5,11,3,5,1,1,2,1,9,2,5,5,10,1,1,,1,4,2,2,3,,2,3,6,2,,1,10,,8,1,1,4,1,3,,,,3,,2,8,3,1,,2,,1,2,2,,1,3,11,3,6,2,2,11,2,2,3,6,1,11,14,7,18,,6,1,2,1,2,,5,8,3,2,1,3,3,,1,1,,11,1,,10,18,3,4,1,3,1,,,73,59
 공직선거법위반 ,22,8,4,11,18,8,10,10,14,7,38,12,7,14,8,10,4,5,24,11,29,14,12,14,14,3,7,5,7,6,2,10,2,3,9,3,,8,12,1,1,6,2,4,6,5,5,13,1,2,1,13,8,9,7,24,9,2,,3,11,11,8,2,9,5,11,4,8,25,10,21,10,9,17,15,29,31,20,18,5,23,2,7,27,10,13,14,10,12,28,6,12,12,5,4,7,10,15,7,10,1,10,8,5,13,5,10,6,1,1,10,4,3,8,4,3,4,2,3,173,473
 관세법위반 ,22,12,2,2,1,5,2,,1,1,,1,3,4,1,14,1,1,5,1,3,22,44,4,5,123,4,2,,1,,12,,,5,1,10,1,,1,1,1,5,,,1,,1,,283,1,5,2,2,4,2,2,1,,,,,,1,,1,1,,,,,2,,1,4,1,5,1,2,2,4,1,,1,,,5,3,1,3,,18,,3,3,1,,5,,,,1,1,,,1,,,1,,,,1,2,32,,3,1,,,370,18
 교통사고처리특례법위반 ,1352,1262,1161,1092,1518,1542,1772,1574,1260,888,1611,1357,999,1337,1432,1865,1276,883,1984,884,1683,1616,2743,2226,1442,309,415,449,282,1597,881,562,728,884,1128,818,614,663,519,1040,1040,988,1392,1304,1014,2212,1834,2667,461,446,181,1135,1776,630,1877,1925,948,180,21,835,1948,766,2266,1665,1176,1184,1357,585,721,951,570,1298,688,831,2463,3622,2299,2999,1131,2919,1553,1770,718,2543,1962,1142,2856,2811,1207,1728,1486,1090,1731,1641,1118,1430,1797,1381,1800,1876,1469,371,1566,973,1001,1033,1076,532,1067,600,531,1876,1617,1189,874,705,490,519,834,481,16484,16913
 국가기술자격법위반 ,3,,,,,1,1,,1,,,,,,,,,,2,,,1,,1,1,,,1,,,1,2,,,1,4,,,,,,,,,,,,1,1,,,1,,,,,,,,1,,,,,,,,,,,,3,,4,,,,,1,9,1,,,,,,2,,,,1,4,,,1,,,,,2,,,,,1,,2,1,,1,1,,,,1,,,,,,1,18
 국가보안법위반 ,,2,8,,,,,,1,1,1,,2,,1,,,,1,1,,1,2,,,,,,,,,1,,,,,,,,,,,,,,,,,,1,1,,,,,1,,,,1,,,,,1,,,,,,,,,,,,,,,,,,,,,,1,,1,,,,,,,,,,,,,1,,,,,,,,,,2,,,,,,,,,6,8
 국민연금법위반 ,,,,,,,,,,,,1,,1,,,,,,,,1,,,,,,,,,,,,,,,,,,,,4,1,,,1,,,,,,,,,,1,1,,,,,,,,,,1,,,,,,,,,1,,,1,,1,,,,,2,,,,,,,20,,,,,,,,,,,,,,,,,5,,,,,,,,,,,2,15
 근로기준법위반 ,251,341,158,240,217,350,242,184,131,125,203,111,107,287,242,365,422,317,644,133,287,1091,2327,811,314,43,13,65,33,127,75,110,36,175,96,65,59,85,93,101,101,127,149,181,90,283,225,410,147,188,53,236,226,83,388,159,76,15,11,70,100,60,123,93,125,112,189,125,112,116,60,315,90,199,917,318,586,344,189,247,214,325,74,272,744,141,434,222,237,360,154,225,250,413,184,117,239,263,123,495,103,28,351,121,71,96,123,157,17,25,38,213,286,178,178,13,146,65,58,43,6524,2323
 낚시어선업법위반 ,,,,,,,,,,,,,,,,,,,,,,,,,,,2,,2,,,,,2,,,1,,,,,,,,,,,,,1,,,,,,,,,13,,,,,,,,,,,,,2,,6,,,,,,,5,,,1,,,,2,15,,,,,,703,,,,,,,,,1,,,,,59,,,1,,,,,,,,,48,91
 내수면어업법위반 ,,,,,,,,,,,,,,,,,,,,,,,,,,,,,,,,,,,,,1,,,,,,,,,,,,,,,,,,1,,,,,,,,,2,,,1,,1,,,1,,3,,1,,2,,1,,,,1,,6,1,,,,,,1,1,7,5,1,,5,,6,,1,,5,2,2,3,1,2,1,,,,,,,1,1,4,19,149
 노동조합및노동관계조정법위반 ,1,4,,1,2,2,7,2,,1,1,,1,3,4,1,2,4,7,,1,1,12,1,4,,2,1,,2,1,3,,2,3,5,,2,1,1,1,2,3,1,,,1,1,3,4,,1,,1,3,3,1,,,,1,3,1,1,1,,,3,1,1,,6,,2,2,,3,1,6,3,2,6,,12,1,7,5,1,,,,2,,11,10,1,7,2,3,1,3,1,,,1,1,3,6,,,,,2,,2,,1,2,,,39,32
 농산물품질관리법위반 ,1,,,1,6,13,1,1,7,4,4,1,1,1,3,9,7,3,5,3,4,1,4,21,11,,2,2,2,2,3,1,2,7,2,5,1,4,1,2,2,8,11,13,3,30,11,18,6,3,1,11,8,5,11,7,8,8,1,5,10,2,15,10,12,13,39,20,11,11,7,9,1,8,16,10,10,33,5,34,8,14,4,10,11,8,10,25,14,6,17,16,12,35,25,17,40,5,21,16,21,3,9,22,11,7,8,20,,8,12,3,5,7,7,2,7,8,9,23,331,348
 농수산물유통및가격안정에관한법률 ,,,,,,,,,,,,,,,,,,,,,,,,,,,,,,,,,,23,,,1,,1,9,9,,,,,15,,,,,,,,,1,3,,,,,,,,,,,,,,,,,,,,,,,6,1,,,,,,,,,,,,,,,,,,,,,,,,,,,,,,,,,,,,,,,,,,
 농업협동조합법위반 ,,,,,,,,,,,,,,,,1,,,,,,,,,,,,,,,,,,,,,1,,,,,,,,,,,,,,,,,,,,,1,,,2,1,,2,,,,,,,,,,1,,1,,,,1,,1,,,,1,,,,,,6,3,,1,,,,,1,2,,,,,,,,,,,1,,,,1,,,2,2,13,29
 농지법위반 ,,,1,,,,3,,,,,5,2,,2,12,,,2,,,9,10,1,,,,,,,,,,,,3,14,,,2,2,,5,,,,,1,3,,,7,,,2,,6,1,,1,,,,,,,1,,,,,,,6,3,2,1,2,,5,4,10,,20,,2,103,3,1,,1,,2,17,3,5,9,58,,14,4,,17,7,1,2,6,8,5,3,6,8,2,129,3,6,,6,3,4,242,245
 담배사업법위반 ,25,6,2,4,5,8,2,3,3,,,5,3,6,4,,16,12,18,10,16,1,5,10,2,15,4,,,2,,1,1,3,2,,1,,,,,1,1,5,1,8,,15,,1,3,4,4,2,7,1,2,,,,,2,1,,,,,,,,,2,2,2,6,5,4,1,2,2,,19,,3,12,,8,,,1,1,1,,2,,,2,,,5,,,3,2,,2,3,,,,,2,1,,1,,2,,1,,26,9
 대기환경보전법위반 ,,,,2,3,2,2,2,3,1,,1,,1,2,17,1,10,,1,2,1,,3,7,4,,,6,,1,1,2,,1042,2,45,,,4,4,1,2,6,,4,1,13,19,18,1,417,3,3,13,23,4,,2,,1,,,4,,3,3,2,21,1,,5,7,12,13,1,11,2,1,5,2,2,,9,1,3,29,1,10,4,2,2,6,19,19,2,5,189,2,59,2,2,40,,6,1,5,10,3,4,,23,10,24,15,16,5,3,3,6,459,582
 대외무역법위반 ,4,8,2,1,,3,2,,,,1,,,3,1,3,1,2,4,,1,9,4,2,,45,52,3,,,1,5,,1,4,,245,,,1,1,1,7,,1,4,,2,2,89,,1,2,,5,,2,,,,,5,,,1,,,,,,,2,1,1,1,1,,1,,1,1,3,1,1,2,,1,,,,1,1,1,2,1,,1,4,,,,1,1,,,,,,,1,,,,,7,,,,,,32,37
 도로교통법위반 ,164,144,214,273,107,226,184,213,142,141,317,188,108,272,240,274,203,197,356,200,335,332,497,557,222,42,79,58,62,358,131,132,147,189,260,204,144,120,90,238,238,236,384,307,309,186,600,840,121,104,34,298,369,426,445,612,355,48,5,193,689,340,932,577,129,150,229,135,160,393,213,386,251,577,787,695,498,1371,254,769,343,592,172,507,528,258,456,509,705,325,879,264,1671,702,582,429,275,554,405,495,509,92,406,405,242,344,315,127,413,333,193,534,479,278,431,284,148,143,141,161,5058,5972
 도로교통법위반（무면허운전） ,2971,5123,1867,1656,864,557,972,1527,444,510,712,759,1651,903,922,3034,964,2246,425,3550,1451,1475,1408,1076,1848,881,409,689,356,2849,2079,1250,816,2086,1293,725,552,683,766,1105,1105,814,975,1363,761,1109,630,2656,1007,1869,902,1806,1152,683,2883,1716,2601,127,13,174,255,134,431,328,747,747,1014,185,378,430,468,904,295,205,1201,2662,2239,161,1341,1655,809,4137,205,2100,3419,1583,1478,1559,676,833,311,246,432,768,577,459,373,680,784,2684,253,895,1426,478,493,547,371,534,421,163,71,608,649,2301,186,223,930,196,199,457,12480,13727
 도로교통법위반（음주운전） ,1440,1348,1293,1786,1178,1903,1709,2335,934,962,1007,1618,1289,1821,949,1910,1926,1213,1751,1246,2081,2935,5476,2840,1604,1258,1136,1263,590,2706,3028,2272,2015,2972,2177,2350,1482,1446,1561,2258,2258,1029,3431,3827,2177,3084,2679,5130,1364,1262,282,2004,2457,1210,2826,4577,3193,1129,78,969,2418,677,1610,1628,1680,2294,3244,1108,2510,1508,1065,2939,1468,1170,10610,14643,11214,2378,5354,6645,4178,7276,3434,4900,9208,4116,11840,6376,2354,3268,1766,2294,3988,3151,2604,970,2051,4278,2735,4347,2349,2658,3925,2465,1593,1118,1411,2967,1983,881,405,5322,3981,3588,2302,1630,2526,1173,1301,911,37757,27348
 도로교통법위반（음주측정거부） ,13,12,16,7,9,21,12,10,11,6,20,11,5,9,8,42,20,6,20,9,22,28,47,27,27,17,12,4,5,25,34,14,26,27,19,9,11,17,10,14,14,5,35,30,19,44,39,50,30,11,2,26,24,8,28,35,22,10,5,5,16,1,15,10,15,14,27,8,24,16,9,28,10,9,100,155,96,8,41,54,25,56,23,38,119,48,112,81,34,18,16,17,64,43,23,15,16,56,29,48,31,15,35,35,10,16,11,38,41,8,5,53,30,43,24,26,22,6,13,21,380,386
 도로법위반 ,16,24,33,92,53,69,79,85,51,103,123,90,161,199,316,394,140,78,243,88,106,149,290,274,145,13,42,46,7,105,68,94,38,247,37,666,1804,4,9,427,427,2,189,333,13,209,77,63,339,190,208,256,49,49,434,39,849,11,,2,5,11,73,103,53,92,93,125,161,15,12,70,26,876,399,490,619,163,71,213,312,633,63,1125,886,254,582,32,311,3,174,222,308,601,39,106,256,842,1303,1751,680,458,89,149,279,322,367,137,75,111,70,510,1620,76,666,412,515,205,410,110,9855,9155
 도시계획법위반 ,,,,,,,,,,,,,,,,,,,,,,,,,,,,,,,,,,,,,,,,,,,,,,,,,,,,,,,,,,,,,,,,,,,,,,,,,,,,,,,,,,,,,,,,,,,,,,,,,,,,,,,,,,,,,,,,,,,,,,,,,,
 도시공원법위반 ,,,,,,,,,,,,,,,,,,,,,,,,,,,,,,,,,,,,,,,,,,,,,,,,,,,,,,,,,,,,,,,,,,,,,,,,,,,,,,,,,,,,,,,,,,,,,,,,,,,,,,,,,,,,,,,,,,,,,,,,,,
 독점규제및공정거래에관한법률위반 ,,,,1,,,,,,,,,1,,,,,,,,,,,,,,,,,,,,,,,,,,,,,,,,,,,,,,,,,,,,,,,,,,,,,,,,,,,,,,,1,,,,,,,,,,,,1,,,,,,,,,,,,,,,,,,,,,,,,,,,,,,,,,1,
 디자인보호법위반 ,21,6,3,,2,3,4,3,,1,3,2,2,4,7,10,1,5,3,2,2,5,5,6,4,1,1,1,,4,1,1,,1,1,1,2,1,1,,,9,2,2,,10,,6,3,2,1,3,5,,5,5,,,,,,1,,2,,1,1,,1,,,,,1,15,6,1,1,5,5,,1,1,2,2,3,2,,,4,1,,3,4,,,1,4,,1,,7,7,,1,3,3,1,,1,1,3,5,3,,,1,1,,4,49,30
 마약류관리에관한법률위반（대마） ,3,2,15,1,1,5,1,2,3,1,3,3,6,8,1,1,2,,,2,,2,12,1,5,2,2,6,2,1,2,1,6,15,6,1,4,,1,,,,4,1,,1,2,1,,11,2,2,5,5,4,19,3,2,,,,,,1,2,1,1,,1,,,3,1,2,4,1,1,,7,5,,3,1,5,4,1,8,2,3,13,1,,3,14,1,4,2,26,,20,4,1,1,,,1,,4,1,,1,3,4,16,1,1,,14,2,2,105,115
 마약류관리에관한법률위반（마약） ,1,,1,2,1,1,,2,,,2,2,,1,,2,,36,3,3,4,1,2,3,1,1,2,1,3,,4,,,1,2,2,2,,3,2,2,,2,2,,,1,1,1,2,,2,3,,1,3,1,7,,1,5,,,1,1,1,,,,,1,2,3,11,1,3,145,2,2,46,4,1,,1,7,3,8,1,4,1,3,,1,3,3,,2,16,3,10,13,,3,,3,1,,2,11,9,2,4,3,11,7,74,1,3,6,81,196,356
 마약류관리에관한법률위반（향정） ,21,46,50,32,21,55,22,13,29,4,15,12,18,23,6,22,12,14,17,6,32,46,112,43,14,45,37,74,25,114,82,56,56,107,62,25,24,48,46,59,59,32,78,45,36,28,55,64,10,55,10,55,81,28,46,31,13,,,3,5,4,3,9,10,15,16,9,8,4,3,13,3,10,20,69,48,8,18,16,58,40,14,21,41,57,50,10,5,49,11,5,18,24,1,16,18,54,10,98,13,22,10,6,6,31,18,11,8,8,2,12,18,10,15,7,11,13,1,2,357,157
 마약류불법거래방지에관한특례법위반 ,,,,,,,,,,,,,,,,,,,,,,,1,,,,1,1,,,,,1,,,,,,,,,,,,,,,,,,,,,,,,,,,,,,,,,,,,,,,,,,,,,,,,,,,,,,,,,,,,,,,,,,,,,,,,,,,,,,,,,,,,,,,,,
 민사소송법위반 ,,,,,1,,,,,,,,,1,,,,,,,,,1,,,,,,,,,,,,,,,,,1,1,,,,,,,,,,,,,,,,,,,,,,1,,,,,,,,,1,,,,1,,,,,,1,,,1,1,,,,,,,,,,,,,,,,,,,,1,,,,,,,,,,,,,1,,,1
 밀항단속법위반 ,2,1,3,,,,,,,,,,,,,3,,,,,,,3,,,33,2,69,9,,,4,,1,10,,1,1,,,,,,,,,,,,6,,,,,,,,1,,,,1,,,,,,,,,,3,,1,,,,,,,6,,,5,1,,,14,1,,,1,,,3,,,1,,,,,,,,,,,5,,,,,,,,,,,,6,7
 방문판매등에관한법률위반 ,1,2,,2,4,,1,1,3,1,2,,,2,2,3,,1,4,4,,11,14,8,2,3,,1,1,12,3,1,1,4,,,,3,,5,5,4,2,,,,2,1,4,,,,4,,1,3,,,,,,,,1,3,2,2,2,1,,,1,,,27,22,2,,2,,1,1,,1,,,3,3,,,,2,1,,,1,,,,1,1,,2,,,1,,,,1,,,1,,2,,1,,,1,11,15
 배타적경제수역의외국인어업등에관한법률 ,,,,,,,,,,,,,,,,,,,,,,,,,,,,,,,,,,,,,,,,,,,,,,,,,,1,,,,,,,,,42,,,,,,,,,,,,,,,,,,,,,,,,,,,,,58,,,,,,,,,,,,,,,,,,,,,,,,,,,,,,,,,47,223
 범죄수익은닉의규제및처벌등에관한법률 ,,,,,,,,,,,,,,,,,,,,,,1,2,1,,,,2,,,,1,,,,,,1,,,,,,,,,,,,,,,1,,1,1,2,,,1,,,,,2,,,,,,,,,,,,2,2,,1,1,,,,,,,,,,,,,,,,,,,,,,,,,,,,,,,,,,,,,,,,4,2
 변호사법위반 ,18,5,3,3,1,10,3,2,6,4,3,1,9,6,13,3,9,3,7,7,3,48,27,8,3,2,2,2,1,3,2,5,,5,1,3,,10,3,8,8,3,2,2,,1,10,4,1,4,,4,7,2,9,6,,,,3,4,2,2,2,1,2,7,3,,1,,5,2,2,5,7,11,9,1,1,6,3,1,7,5,,19,1,2,6,,1,1,2,6,1,,4,4,6,1,1,7,,1,4,2,6,,2,,1,2,10,,2,2,3,,2,44,13
 병역법위반 ,68,46,115,103,101,106,131,118,113,87,147,146,138,96,120,147,152,76,152,145,225,150,199,203,148,7,17,15,22,71,34,37,19,58,33,23,13,25,23,26,26,17,42,56,30,47,45,73,10,17,17,101,94,43,71,96,97,5,2,13,23,19,43,19,33,46,72,23,23,12,15,27,8,11,161,167,168,66,79,67,19,47,48,53,96,23,165,47,36,90,28,23,41,87,49,63,64,54,28,28,20,41,222,7,34,28,17,20,21,3,12,92,99,82,47,43,51,17,21,36,573,598
 보건범죄단속에관한특별조치법위반 ,9,3,3,1,4,11,4,5,2,5,1,8,3,2,5,7,95,2,5,5,6,5,28,4,1,4,1,2,,3,2,7,4,2,4,2,1,6,2,3,3,,59,4,4,2,7,2,,4,,1,3,3,5,11,4,1,,2,2,4,2,1,3,1,10,1,1,4,2,5,,,4,7,7,3,10,22,5,5,2,1,3,1,4,4,4,1,2,,1,9,3,1,4,4,4,4,4,2,1,1,4,2,1,,,,4,2,1,2,,,3,1,,2,30,29
 부동산등기특별조치법위반 ,,,1,,,,1,,2,,2,1,3,,1,2,,,,,,,1,,1,,,,,,,,,,,,3,,,,,,,1,,,1,,,2,,,,,1,,,,1,,,,,,,,1,1,,1,,1,,,1,,,,,,1,,1,1,1,1,,3,,,,,1,2,,8,1,,1,1,1,,1,,,,,2,,,1,,,2,,2,2,1,1,2,22,57
 부동산실권리자명의등기에관한법률 ,4,1,5,2,,9,1,3,4,3,5,3,7,7,14,3,4,1,3,3,9,10,13,3,3,,,1,,5,1,,2,1,3,6,,2,2,,,,1,2,1,,2,2,,4,,9,9,,8,1,2,,,1,6,,3,,,1,5,2,1,4,,4,1,,11,3,9,3,1,2,2,,,,4,1,4,7,2,1,2,1,1,11,,1,1,3,1,1,4,5,7,2,4,,1,1,,1,1,12,4,13,4,1,1,4,1,1,51,28
 부동산중개업법위반 ,1,1,,,,1,,,2,,1,2,1,,,,,,1,1,,,1,,,,,,,4,,,,2,,,1,1,,,,,1,1,,,1,2,1,,,1,,,1,,,,,,1,,3,2,,,1,,,1,,1,,,1,2,1,,1,1,,,,4,,,4,2,,,,,,,3,1,3,,2,3,1,,3,1,,,,,,1,,2,,4,2,,,,,1,9,13
 부정경쟁방지및영업비밀보호에관한법률위반 ,8,6,6,5,3,2,4,4,5,2,3,2,1,17,9,7,12,12,12,3,3,11,32,6,,2,2,1,1,4,1,3,1,6,1,4,,,1,4,4,3,5,,1,2,4,6,2,1,,6,4,3,6,4,,,,,1,,3,,1,2,3,2,7,1,,2,,1,11,9,16,2,10,3,1,6,3,5,10,,12,4,1,5,6,1,11,3,5,,1,3,1,7,9,4,4,3,1,,1,,1,1,,5,7,7,1,1,1,,1,,47,31
 부정수표단속법위반 ,155,349,165,166,63,198,96,125,162,76,70,196,94,78,145,134,114,113,261,88,85,153,202,203,81,57,78,80,19,236,60,188,15,126,65,159,43,51,127,60,60,87,117,72,38,123,181,163,43,13,5,36,53,22,124,84,14,9,,75,77,76,108,60,151,130,249,59,69,4,,39,,11,203,217,173,160,91,138,96,154,213,22,114,43,375,179,107,122,77,58,23,90,17,56,57,87,24,137,43,51,115,12,30,28,43,43,3,38,40,62,190,137,24,49,107,2,147,11,837,557
 사행행위등규제및처벌특례법위반 ,10,3,,,1,3,6,27,1,1,6,6,12,4,5,1,15,1,,17,1,9,14,1,3,5,2,3,1,5,9,,3,1,14,14,16,,1,,,15,47,45,34,48,29,116,42,4,1,115,11,16,113,71,39,,,11,94,74,110,85,42,26,75,32,22,,,,,,32,163,49,61,314,121,12,3,,91,127,7,63,13,136,157,7,,167,197,29,3,8,97,26,2,59,135,2,5,117,2,45,78,3,13,1,34,17,86,3,15,38,6,2,10,440,343
 산림자원의조성및관리에관한법률위반 ,1,1,,,,,,,1,,,,,1,,2,,,1,,,,1,,,,,,,,,1,,1,2,4,1,,,,,,4,1,,2,1,1,3,7,,5,,,5,1,,2,,,2,,1,3,1,3,,2,2,11,4,52,17,40,1,3,9,6,2,4,2,1,,4,5,10,7,16,2,1,2,3,11,2,1,2,9,2,10,2,7,,2,4,2,20,1,1,1,10,11,15,,19,5,2,,9,3,3,193,416
 산업안전보건법위반 ,4,8,5,6,1,5,3,6,1,2,3,2,3,3,3,11,8,5,6,2,7,6,14,9,5,3,,2,2,4,4,3,,8,12,3,10,3,3,6,6,6,8,5,,12,6,26,12,14,1,24,7,6,12,5,4,3,2,1,5,3,2,4,6,4,8,9,10,3,11,38,12,29,30,10,24,16,7,11,12,34,3,48,28,14,14,18,29,9,19,23,15,26,17,17,13,6,20,39,8,,9,8,11,3,9,10,2,9,5,13,8,19,28,,,10,6,5,349,137
 산업재해보상보험법위반 ,,,,,,,,,,,,,,,,,,,,,,,,,,,,,,,,,,,,,,,,,,,,,,,,,,,,,,,,,,,,,,,,,,,,,,,,,,,,,,,,,,,,,,,,,,,,,,,,,,,,,,,,,,,,,,,,,,,,,,,,,,
 상법위반 ,1,2,,1,1,,1,,,,,,1,,1,,5,1,3,,,2,7,,1,,,,,,1,,1,,,1,,4,,,,1,,,,1,1,,,2,,1,3,,3,,,,,5,13,1,11,6,,,,1,,,,1,,,1,1,2,3,,1,,2,,1,1,1,1,,,,1,,3,,,,,1,,,1,,1,,,,,,,,,,1,,1,1,,,1,,17,6
 상표법위반 ,94,843,66,24,33,71,62,52,46,52,27,15,22,306,65,53,26,21,30,21,42,115,90,36,45,137,9,22,7,106,19,68,13,109,38,53,13,33,54,39,39,154,28,7,24,25,60,49,4,285,8,27,24,21,37,57,30,,,22,34,17,10,14,25,19,37,18,18,7,1,18,14,6,63,61,66,22,22,19,6,12,8,11,53,9,99,9,3,22,20,8,10,9,24,8,7,50,7,25,7,9,39,1,25,4,8,1,6,1,4,36,50,27,12,6,21,7,1,5,425,75
 석유사업법위반 ,,,,,1,,,,,,,,,,,,,,,,,,,,,,,,,,1,,,,,,,,1,,,,1,1,1,1,,,,,,,1,,,,,,,,,,,,,1,1,,,,,,,,,,1,1,,1,1,,,,,,,,,,,,,,,,1,,,,,,,1,,,,,1,,,,1,,,,,,,1,5,6
 선박안전법위반 ,,,,,,,,,,,,,,,,,,,,,,,,,,2,4,,6,,,,,3,21,,4,,,,,,,,,,,,,14,1,,,,,,,1,15,,,,,,,,,,,,3,3,,12,,,,,,,4,,,75,4,,,18,5,,,4,,,24,,,1,1,,,,,,,,,,13,,,,1,,,,,1,,,108,129
 선박직원법위반 ,,3,,,,,,,,,,,,,,,,1,,,,,,,,9,5,,14,,,2,,,3,,1,,,,,,,,,,,,,20,1,,,2,,,,2,7,,,,,,,,,,,,25,3,20,3,,,,,,,9,,,102,4,,,301,19,,,40,,,29,,,,5,,,,,1,,,,,11,,,,,,,,,2,,,219,893
 선원법위반 ,,1,,,,,,,,,,,,,,,,,,,,,,,,103,2,306,5,,,1,,1,,,,,,,,,,,,,,,,2,,,,,,,,,3,,,,,,,,,,,,,1,,,,,,,,,3,,,2,,,,28,1,,,1,,,5,,,,,,,,,,,,,,2,,,,,,,,,,,,48,30
 성매매위반 ,115,44,17,28,79,99,39,140,103,12,30,44,43,76,22,59,42,68,86,22,110,90,267,121,66,53,16,111,3,91,149,17,25,95,84,36,3,128,233,34,34,48,40,28,20,26,50,55,4,16,6,19,461,693,58,415,106,,,39,298,40,32,50,165,44,221,114,27,10,10,154,,,293,148,122,96,79,107,281,1067,330,30,1601,228,189,144,92,39,143,13,35,489,416,12,95,127,14,44,33,19,33,129,4,8,10,15,195,9,6,246,1422,49,11,51,33,85,11,13,495,602
 소방기본법위반 ,,,,,,,,1,,,,,,,,,,,,,,,,,,,,,,,,,,,,,,,,,,,,,,,,,,,,,,,,,,,,,,,,,,1,,,,,,,,,,,,,,,,,,,,,,,,,,,,,,,,,,,,,,,,,,,,,,,,,,,,,,,,
 소음．진동규제법위반 ,,,,,,,,,,1,,,,,,,,,,,,1,3,,,,,,,,,,,,,,20,3,,,,,,2,,,,,1,1,,3,3,,1,7,,,,,,1,,,1,,1,,,,1,1,2,2,,,,,,,,,1,,,,3,,,,,,,1,,,,1,3,7,,,,,,,,,1,,,1,,5,,,,,,,35,8
 수도법위반 ,,,,,1,,2,,,,,,,,,,,,,,,,,,,,,,,1,,,,,,1,,,,,,,,,,,,,,,1,1,,,,,,,,,,,1,,,,,,,,,,,27,,,,1,,,,,,,,12,,,,,,,,,,,,,,,1,,1,1,,1,,,1,,,,,1,,,,,,,21,34
 수산업법위반 ,,1,,,,,,,,,,,,,,,,,,,,,,,,,,,,,,,,,4,,92,1,,5,5,,2,,,,,,,73,1,,2,3,201,,,7,230,,,,,,,,,,,,13,9,1,126,,,1,,,,141,,,34,11,,,191,34,,,58,,,350,,,,5,,1,,,7,1,,,,407,,,,16,,,,,,,,2124,1959
 수산자원보호령위반 ,,,,1,,,,,,,,,,,,,,,,,,,,,,,7,,10,,,1,,,6,,4,,,,,1,1,1,13,5,271,195,1,6,,,,,2,,,3,92,,,,,,,,,,,,,2,3,1,,,,,,,3,1,,680,4,,,64,8,,,11,,,73,,,,18,2,1,,,39,,1,4,,54,,1,,9,,,,,4,,,336,1442
 수상레저안전법위반 ,,,,,,,,,,,,,,,,,,,,,,,,,,,,,1,,,,,2,3,,,,3,,,,,,,,,,,3,,,,,,,,,4,,,,,,,,,,,,4,,2,5,,,,,,,10,,,6,1,,,1201,3,,,1,,,11,,,,1,,,,,1,,,,,10,,,,,,,,,6,,,36,127
 수질환경보전법위반 ,,,,,,1,,,1,,,,,,,,,,,,,1,1,,,,,,1,,,,,,,,1,,,,,,,,,,,,1,1,,,,,,,,,,,,,,,,,,,2,,,,,,1,,,,1,1,,,,,1,,2,1,,,,,,3,3,1,,,1,16,,,9,,1,,,4,,,,1,1,2,2,1,2,,,1,41,30
 식품위생법위반 ,52,100,40,41,38,85,63,159,79,50,219,44,49,102,72,77,98,70,98,40,104,133,200,136,109,84,55,75,25,207,92,115,79,168,119,91,51,127,115,66,66,19,44,52,13,37,40,63,27,42,5,45,50,34,50,92,33,12,2,20,126,18,62,42,35,32,70,15,34,31,18,55,11,37,76,207,137,184,82,60,69,155,41,65,68,56,70,118,48,97,42,72,35,113,87,29,54,62,39,135,68,31,229,21,5,24,24,27,42,22,33,77,120,49,35,18,33,51,16,12,1108,1109
 신용정보의이용및보호에관한법률위반 ,2,6,,,4,,,,,,,1,2,2,1,2,2,1,7,,,3,3,6,,,2,,,,2,,,2,,1,,,,,,1,,3,,,2,3,,,,1,2,,1,2,1,,,,2,1,2,2,1,,,,,,,1,,,3,1,,,,1,,1,,2,,1,1,2,,,,,1,1,,,1,,1,,2,,1,,,1,,,1,,,,5,,,,2,,1,,5,4
 실용신안법위반 ,6,6,,3,,1,,,,1,,2,3,3,2,2,4,1,5,2,,9,2,1,1,1,1,1,1,1,,1,,,2,1,,,1,7,7,,1,1,,8,,3,1,,1,4,,,5,4,2,,,,,,1,,,1,4,,2,,,,1,,1,2,5,1,3,3,1,2,2,1,,2,9,,1,2,,,4,2,,,,1,,1,3,3,2,,,,1,,,1,,4,2,2,1,,,,1,,31,17
 액화석유가스의안전관리및사업법위반 ,,2,,,,,,,,,1,,,,,,,,,,,,,,,,,,,,,,,,,,,,1,4,4,,5,,2,4,,1,2,,,2,,,,1,,,,,,1,1,,,,,1,2,1,,,,2,,,,,,,1,,,1,,,,1,2,1,,,,,6,,,,,,3,1,,,,,,,1,,,,1,,,,1,2,,,12,19
 약사법위반 ,24,47,3,8,28,34,19,21,15,6,10,10,10,155,22,15,23,13,36,15,23,13,32,15,16,13,13,12,4,31,19,15,4,49,13,9,5,19,13,28,28,15,38,34,15,35,30,33,9,12,3,24,32,11,21,34,14,1,,15,23,17,28,18,23,14,15,7,14,7,1,1,3,12,428,17,69,11,10,14,2,10,13,6,26,11,20,5,6,16,6,3,14,22,6,13,22,11,8,13,8,13,23,5,4,3,8,19,5,3,5,19,18,18,16,1,5,6,2,2,162,76
 여객자동차운수사업법위반 ,3,5,4,4,2,3,4,1,,4,6,1,4,1,6,10,3,5,6,2,1,,6,1,5,,1,1,1,2,3,1,2,3,48,,12,,,2,2,5,,,,2,15,2,1,3,,,,,,,1,,,1,1,3,4,,,1,1,1,,,,2,,3,5,12,3,1,6,8,6,6,1,17,12,1,7,3,1,24,2,,12,59,2,25,4,26,1,17,5,1,,38,,,3,12,4,,,11,1,3,4,3,,,,,141,47
 여권법위반 ,2,1,,,1,2,,,,,,,2,,,3,,1,,1,,,1,2,1,1,,2,,,,1,,4,1,6,1,1,1,,,2,3,,,,,,,8,,,,,,2,,,,,,,,,,,1,1,,2,,,,,,,2,,1,,,,,,,,,1,,1,1,,,,1,,,,,,,,,,,,,,,,,,1,,,,,,,,2,1
 여신전문금융업법위반 ,27,41,20,10,8,26,12,14,14,10,12,11,32,27,26,27,42,16,88,11,21,91,65,21,7,19,3,19,14,24,17,6,5,21,10,10,,15,3,6,6,26,22,3,5,17,13,37,1,5,1,4,23,6,14,30,9,,,18,18,7,21,30,12,7,19,6,5,16,4,25,1,3,61,82,48,22,32,31,46,4,5,19,42,13,26,27,10,17,4,1,23,23,6,11,19,14,7,9,14,1,6,2,4,5,10,6,6,10,1,38,18,8,7,7,12,3,8,20,86,102
 오수．분뇨및축산폐수의처리에관한법률위반 ,,,,,,,,,,,,,,,,,,,,,,,,,,,,,,,,,,,,,,,,,,,,,,,,,,,,,,,,,,,,,,,,,,,,,1,,,,1,,,,,,,,,,,1,,,,1,,,1,,,,,,,1,,,1,,2,,,,,,,,,1,,,,,,,,,30,21
 옥외광고물등관리법위반 ,2,6,20,8,1,4,17,8,19,6,3,3,4,10,16,5,4,7,25,65,101,12,23,9,65,1,1,3,,14,2,18,10,36,29,1,3,5,7,92,92,1,,,,13,14,1,,,,,2,1,3,,3,,,1,22,3,5,7,1,,3,3,3,2,1,93,2,,11,11,46,2,3,4,8,6,,1,5,,44,5,,6,,,,5,6,5,9,12,2,50,12,6,6,,,,2,5,,1,,6,53,87,,1,10,,2,,74,20
 외국환거래법위반 ,36,99,23,23,13,56,15,28,14,14,18,44,17,52,19,158,47,21,36,20,29,54,81,35,12,87,5,7,8,11,4,5,8,8,8,7,74,12,5,13,13,8,11,11,3,5,5,16,54,1070,4,18,23,14,19,20,9,1,1,3,7,1,3,7,10,6,10,6,2,5,22,6,2,2,35,26,34,5,14,17,7,15,5,2,42,2,23,1,1,9,7,10,3,17,4,2,5,27,7,16,1,4,16,5,3,1,6,5,2,1,2,26,18,14,9,10,7,2,1,4,266,125
 유사수신행위의규제에관한법률위반 ,1,11,1,1,8,2,,3,1,1,5,,2,3,7,4,74,2,23,14,27,84,158,15,1,,1,8,,15,2,,2,3,1,,,14,4,3,3,20,13,,10,3,2,2,,,,,8,2,4,2,,,,28,,2,1,,2,2,6,3,1,,,3,,1,16,6,4,1,,13,5,25,1,3,1,,2,,3,1,3,1,3,2,,1,1,2,3,,,,,1,3,,1,9,1,2,,,,1,,1,,4,1,2,16,16
 유선및도선사업법위반 ,,,,,,,,,,,,,,,,,,,,,,,,,,,,,1,,,,1,,1,,,,,,,,,,,,,,,1,,,,,,,,,4,,,,,,,,,,,,,1,,2,,,,,,,4,,,,,,,,2,,,,,,6,1,,,,,3,,,,,,,,,,,1,,,,,,65,1,,12,252
 유해화학물질관리법위반 ,4,2,2,11,3,10,11,9,17,7,3,11,5,7,6,6,8,3,9,2,10,3,5,8,4,1,,2,2,6,4,5,8,7,6,13,2,1,1,5,5,1,2,,2,1,2,,,2,1,7,10,3,6,18,2,,,,,1,8,6,4,3,7,1,4,6,,8,,5,17,22,17,4,6,5,6,3,1,7,58,2,9,3,4,17,3,,3,4,8,3,6,9,2,6,15,4,6,,,16,2,4,,,3,2,16,1,1,4,3,,2,1,68,37
 윤락행위등방지법위반 ,,,,,,,,,,,,,,,,,,,,,,,,,,,,,,,,,,,,,,,,,,,,,,,,,,,,,,,,,,,,,,,,,,,,,,,,,,,,,,1,,,,,,,,,,,,,,,,,,,,,,,,,,,,,,,,,,,,,,,,,,,,1
 음반.비디오물및게임물에관한법률위반 ,16,19,6,2,4,4,2,4,3,,,3,3,6,3,2,5,,3,5,2,5,5,6,2,,1,,,9,9,,1,5,,1,,10,1,4,4,5,2,1,1,2,,2,3,,,3,2,,2,,,,,,5,,,3,2,2,4,2,,,,,1,,3,14,13,5,5,3,3,12,,3,2,,4,3,2,3,,1,1,2,,2,1,2,,,7,2,1,,1,,1,2,1,,,3,1,12,,,,,1,,25,18
 의료법위반 ,21,17,5,13,17,20,18,31,20,4,13,10,8,23,12,25,15,10,29,15,27,79,150,27,26,25,11,4,3,37,3,12,8,13,8,7,2,6,24,14,14,,10,3,8,8,24,15,,,,4,9,3,19,25,3,1,,3,6,9,11,8,11,4,22,6,1,2,4,10,1,3,18,43,38,45,13,17,7,9,10,7,15,2,56,7,8,4,6,,6,6,6,1,9,7,4,11,11,4,15,7,1,4,5,6,5,3,2,21,14,11,7,3,4,,3,,74,76
 자동차관리법위반 ,131,70,104,344,102,325,333,152,311,284,368,89,170,100,151,173,122,122,351,366,164,308,194,119,180,48,219,82,129,682,461,345,468,1202,457,361,398,281,239,677,677,147,218,545,219,537,353,737,341,165,56,220,335,77,210,244,124,9,16,61,125,82,191,173,130,120,147,107,138,86,80,309,81,141,619,535,1777,575,418,299,253,660,184,187,230,208,325,196,80,1527,76,101,332,61,141,245,148,90,117,390,230,235,249,76,67,75,84,121,39,102,20,527,330,102,196,45,87,34,47,39,4772,1612
 자동차손해배상보장법위반 ,85,37,139,64,171,129,139,160,73,44,122,92,142,144,103,115,119,93,137,93,51,189,322,254,147,8,2,40,9,136,64,125,73,252,73,33,135,11,22,125,125,46,222,63,75,556,180,132,188,82,51,92,95,14,84,60,139,32,2,54,131,67,122,142,135,250,134,105,78,66,35,65,141,240,150,271,157,177,82,312,270,221,26,135,96,134,230,355,100,87,154,148,276,308,220,127,463,181,201,177,158,7,170,194,148,61,124,141,59,116,31,113,77,90,142,35,60,96,166,103,9932,4324
 자연공원법위반 ,1,,,,,,,1,3,2,1,2,,,,,,,,,,,,,,,,,,,,,,,,,,,,,,,3,,,,,,,1,,,,,,,,,,,,,3,,,,,4,,,,,,2,,,,,,,,,,,,,2,,1,,,,,,7,,4,,18,,,,,1,2,,1,,7,,24,,,,,,,,1,,35,175
 저작권법위반 ,795,823,733,314,392,354,726,847,373,465,886,1388,1196,1290,913,986,897,595,568,1052,953,1791,2646,1391,362,69,101,130,159,517,1232,2016,486,2796,302,658,39,1047,191,439,439,121,326,191,206,809,503,852,163,324,44,503,1140,327,472,859,508,51,11,149,235,227,327,399,141,228,754,340,239,245,226,561,140,190,1172,1382,4409,722,968,770,344,782,371,587,953,427,1564,510,392,663,375,263,538,705,375,335,299,361,228,525,342,345,613,243,255,520,245,265,224,139,97,956,599,628,360,240,266,98,154,89,5063,2713
 전기사업법위반 ,,1,,,,,,,,,,,,1,2,,,,,,,,,,,,,,,,,,,,,,,,,,,,,,,2,,,1,,,,,,1,,,,,,1,,,,,,,,,,,,,,,,,,,1,,,,,,,6,,,,,,,,,,,,,,,,,,,,,,,,,,,1,,,,,,,2,1
 전기통신기본법위반 ,,1,1,,,,,1,,,,,,,,1,,,1,,,,,,,4,,,,,,,,,,,,,,,,2,,,1,,,,,,,,,,,,,,,1,,,,,,,,,,,,,,,,,,,,,,,,,,,,2,,,,,,,,1,,,,,,1,1,,,,,1,,,,,,,,,,,,,2,
 전기통신사업법위반 ,,1,,,,,1,1,,,,,,4,,3,,1,,,1,1,,,,,,,,,,,1,,1,,,1,,,,1,1,,,,,,,,,,,,,2,,,,,,,,,,1,2,,,1,,,,,2,,,,,,,,,,2,,,,,,,,,,,,1,,,1,,,,,,,,,,,,,,,,,2,,,,2,1
 전염병예방법위반 ,,,,,,,,,,,,,,,,,,,,,,,,,,,1,,,,,,,,,,,,,,,,,,,1,,,,1,,,,,1,,,,,,,,,,,,,,,,,,,,2,,,4,,,1,,3,,3,,,,5,,,1,,1,,,4,,1,7,3,,,,,,,,1,,1,,1,,2,,,,,,5,18
 전투경찰대설치법위반 ,1,2,2,1,,,2,,,,,1,5,,3,1,,,1,,,1,,7,,,,,,,,,,,,,,,,,,,,1,,,1,,,,,,1,,,2,,,,,,,,,,,,,,,,,,1,,,,1,,1,,,,,,,,6,,,,,,,2,,,,1,,,1,,1,,,,,,,,,,,,,,,,,6,4
 전파법위반 ,1,2,55,2,18,5,4,5,1,1,3,4,3,12,4,11,15,6,4,3,1,4,6,5,1,6,1,1,2,3,2,2,,,2,,1,,,2,2,4,4,,,4,1,,2,2,1,2,2,1,1,,2,1,,,3,2,3,1,3,3,2,4,1,,,7,,4,9,3,6,12,8,2,1,1,,2,2,,7,9,3,1,3,2,2,6,2,4,6,2,1,3,1,1,8,,1,,1,,1,,,1,,2,,,,,2,1,126,51
 정보통신망이용촉진등에관한법률위반 ,73,127,105,66,84,104,102,384,79,123,90,78,68,95,345,141,139,157,144,107,174,160,235,106,83,21,41,28,55,65,40,58,122,95,60,75,3,34,26,286,286,23,73,36,33,79,86,93,14,38,13,48,111,60,107,232,55,5,1,36,64,51,74,54,33,48,135,55,39,32,22,51,15,247,300,312,277,155,99,108,97,83,124,75,303,57,496,74,68,82,73,39,92,162,58,61,117,70,32,78,83,78,65,46,31,57,49,35,57,12,14,96,411,87,48,26,37,18,18,18,915,645
 정치자금법위반 ,,,,,,,,,,2,,,2,,,,,,9,,,2,,1,,1,,1,,,,1,,1,1,1,,,,,,,1,,,,1,1,1,,,1,,,,,,,,,,,,,,1,,1,,,,,,,,,1,,,1,1,,,,2,,,,,,,,1,1,,3,,,1,,,,,,,1,,,,,,,,,,,,,,1,4,1
 조세범처벌법위반 ,75,47,181,42,33,104,46,28,28,29,36,9,23,60,62,57,56,32,97,28,30,140,165,76,20,13,10,14,9,22,6,17,15,13,12,15,14,15,10,55,55,9,19,10,11,29,20,22,10,13,11,48,32,10,34,36,17,2,,18,7,3,14,7,24,15,19,9,20,8,2,23,13,26,76,67,87,15,37,20,4,18,19,20,83,12,101,43,13,20,15,16,12,40,1,9,11,29,26,38,12,12,49,,15,4,12,16,4,7,4,40,74,34,9,16,13,11,6,23,328,221
 조수보호및수렵에관한법률위반 ,,,,,,,,,,,,,,,,,,,,,,,,,,,,,,,,,,,,,,,,,,,,,,,,,,,,,,,,,,,,,,,,,,,,,,,,,,,,1,,,,,,,,,,,,,,,,,,,,,,,,,,,,,,,,,,,,,,,,,,,,,,
 주민등록법위반 ,10,16,11,12,9,14,13,10,20,11,14,15,13,10,19,17,10,7,17,9,13,27,42,9,8,3,4,14,17,11,6,10,7,20,7,8,2,9,5,11,11,13,20,3,1,9,10,14,2,5,1,4,40,13,12,29,7,,,11,7,9,12,4,3,6,16,6,4,6,2,12,,6,24,34,32,42,9,14,16,11,8,4,19,6,17,158,10,6,9,18,18,17,8,10,13,6,7,5,15,6,7,5,14,6,3,3,5,5,3,10,27,12,4,4,4,2,2,3,94,112
 주차장법위반 ,4,2,4,13,25,5,3,,12,7,9,23,11,6,2,13,3,5,37,6,1,6,1,1,4,32,8,3,2,11,4,4,36,3,6,12,,1,,2,2,1,,,,,1,1,,,,3,21,,,,,,,,,,,34,,3,4,5,,,,,1,,13,6,10,11,2,3,6,62,2,,2,1,3,1,3,1,1,1,1,,1,1,,,,10,1,,,,1,1,1,,1,6,,,,4,,,4,,,,52,
 주택건설촉진법위반 ,,,,,,,,,,,,,,,,,,,,,,,,,,,,,,1,,,,,1,,,,,,,,,,,,,,,,,,,,,,,,,,,,,,,,,,,,,,,,,,,,,,,,,,,,1,,,,,,,,,,,,,,,,,,,,,,1,,,,,,,,,,,,,
 증권거래법위반 ,,2,2,1,2,,,1,3,,1,,,1,2,2,2,4,9,1,1,6,14,1,1,,,,,1,,,,,,,,,,,,,,,,,3,,,,,,,,3,,,,,,2,,1,,1,,2,,,,,,,,3,,5,,,,,,,,1,,,,,,,,,,,,,,,2,1,1,,,,,,,,,,4,1,,,,,,,,7,1
 지방세법위반 ,,,1,,3,2,1,,,,1,1,2,,1,1,,,,,,1,1,2,,,,,,1,,1,,,,1,,,,8,8,,,,,,,,,,,2,,,,,,,,,,,,,,,,,,,,,,,,13,,,,,,,,,,,63,2,1,2,,1,,,,,2,,1,,,,,,,,,,,,,,,5,,1,,,1,,6,10
 지하수법위반 ,,,,,,,,,,,,,,,,,,,,,,,,,,,,,,,,,,,,,,,,,,,,,,,,,,,,,,,,,,,,,,,,,,,,,,,,1,,,,,,,,,,1,,,,,,,,,,,1,,,,,,,2,,,,,1,1,,,,,,,,,,,,,,,3,1
 직업안정법위반 ,4,8,3,,1,1,2,2,3,1,3,6,2,3,2,5,2,3,8,5,4,5,6,4,3,117,97,9,38,11,3,7,9,5,9,2,,2,6,5,5,4,3,2,5,2,4,4,,5,2,9,3,2,5,5,1,,1,2,9,1,9,3,5,4,2,1,,4,1,36,,,13,28,8,5,2,2,2,1,4,4,27,,4,4,31,,2,105,3,8,,4,3,15,7,7,4,4,1,2,1,1,3,5,,,,15,5,,1,,,,2,2,45,40
 집회및시위에관한법률위반 ,351,156,2,3,6,4,2,2,15,14,2,1,11,23,11,16,3,4,10,2,8,3,15,8,,,,3,1,2,,6,1,3,,1,,,5,1,1,1,2,1,,2,6,7,,1,,1,2,,17,6,1,,,3,2,1,2,,2,,6,4,,3,2,10,6,1,,1,8,4,1,4,1,5,4,,1,2,3,,,1,,,4,1,1,1,5,2,,,4,,1,,1,,,1,1,,1,6,1,4,4,,,3,1,,16,18
 철도법위반 ,,1,,,,,,,,,,,,,,,,,,,,,4,,,,,,,,,,,,,,,,,,,,,,,,,,,,,,,,,,,,,,,,,,,,,,,,,,,,,,,,,,,,,,,,,,,,,,,,,,,,,,,,,,,,,,,,,,,,,,,,,,,
 청소년보호법위반 ,64,51,54,50,87,62,101,69,76,42,59,84,101,64,77,128,104,105,77,82,101,38,135,100,105,36,21,11,14,92,38,43,52,68,47,33,2,16,19,35,35,38,41,71,29,67,40,83,14,19,8,60,82,34,58,109,64,3,1,48,53,28,65,37,76,52,100,27,41,35,23,66,12,22,176,246,196,96,118,147,72,115,46,112,97,67,139,128,76,118,56,37,62,80,48,82,85,82,39,75,52,28,57,49,29,37,13,25,36,23,14,77,78,71,26,41,46,13,26,27,582,494
 청소년의성보호에관한법률위반 ,9,3,6,8,6,6,15,9,35,4,4,8,8,7,8,9,12,7,4,6,21,1,9,40,10,2,3,2,3,7,12,3,5,2,7,3,,8,4,7,7,2,14,4,5,7,1,6,2,4,1,7,21,13,7,15,4,,,23,7,8,23,13,46,18,12,6,7,4,1,37,3,4,24,26,25,17,17,12,8,6,3,9,22,5,12,33,6,38,8,2,5,4,4,5,9,4,7,2,3,6,3,5,4,,1,,4,2,3,4,15,8,5,4,5,1,1,2,59,44
 체육시설의설치．이용에관한법률위반 ,2,3,,1,1,5,2,5,4,3,3,,2,2,5,1,4,,2,,2,2,2,1,,2,,,,1,1,1,2,3,,,1,,1,1,1,3,2,,,,5,,,,,3,,,5,1,,,,,13,,2,4,,2,4,,,1,1,6,,3,1,3,10,3,,5,,1,,3,1,,10,2,1,,,3,3,,,,1,,,,,,3,,,,,,,,,1,,6,,,1,,1,1,6,9
 총포．도검．화약류등단속법위반 ,,3,,1,2,1,,,,1,1,,2,1,,8,1,,,1,1,,3,1,3,,,3,,3,,,,1,1,,4,2,1,,,1,3,2,,1,2,,2,9,,4,2,,,1,,,,1,,5,,,2,,,2,2,,,3,1,3,2,4,7,8,1,1,,,2,13,2,3,2,14,1,,8,3,4,8,2,1,1,4,3,3,1,,4,2,3,7,,6,1,,11,4,,5,1,,,6,4,4,72,157
 축산물가공처리법위반 ,,1,,9,2,17,1,2,,1,,2,3,1,,3,1,2,3,,1,4,1,6,,1,5,2,3,31,5,3,27,9,11,10,4,13,2,13,13,3,,2,,3,,1,,6,,1,1,1,4,10,9,1,,1,2,9,15,3,5,12,,1,11,3,,4,1,1,1,3,,20,2,3,1,1,1,,1,3,6,2,1,1,9,2,2,,5,1,2,5,5,13,8,1,1,1,5,,2,,,1,6,,4,5,1,,3,,2,13,44,67
 출입국관리법위반 ,42,37,20,48,22,86,73,43,36,27,27,6,31,32,31,37,23,24,30,11,18,38,67,16,21,12,4,3,3,6,13,9,2,9,11,17,16,4,3,14,14,1,10,3,,6,2,4,10,50,1,52,8,2,18,17,12,2,,3,3,1,6,8,4,2,2,2,2,5,3,13,7,8,80,20,39,20,30,12,5,21,14,27,46,3,76,7,4,10,3,4,12,25,6,6,5,30,17,82,2,13,43,2,3,1,12,10,5,1,6,21,44,72,13,2,9,2,,2,582,192
 컴퓨터프로그램보호법위반 ,80,59,14,4,11,36,7,36,6,10,16,9,10,106,31,25,70,73,37,3,22,26,102,15,4,104,68,1,3,37,2,14,7,505,9,55,4,7,5,19,19,9,61,13,30,17,37,85,23,20,2,38,14,4,31,14,8,,,7,21,2,17,9,5,14,18,12,5,11,4,3,5,2,40,22,30,16,12,9,15,20,3,43,20,4,51,6,3,6,5,6,50,20,32,4,15,36,12,11,9,8,5,10,1,1,15,10,8,8,3,35,30,9,2,,6,,,1,236,54
 통신비밀보호법위반 ,,1,5,1,,1,1,1,,,,2,1,1,,1,,,1,,,,3,2,,1,,,,1,1,,,2,1,1,,1,,,,1,1,,,3,,,,1,,1,,1,,,,,,1,,,,2,,,1,,,,,1,,,1,,3,1,,,3,,,1,2,1,1,1,,1,2,,1,,,2,2,1,,,,,1,,,1,1,1,,,,1,,,,1,,,,,13,8
 특가법（도주차량） ,55,39,54,17,65,62,61,56,47,34,78,55,37,53,51,82,66,50,89,45,65,132,153,136,70,9,17,20,12,57,80,41,52,72,53,45,26,47,32,47,47,69,80,62,66,86,101,138,35,13,12,73,167,84,101,124,138,9,1,50,130,87,180,69,76,69,155,76,81,75,52,151,46,104,167,288,274,319,135,210,105,160,41,168,229,61,404,119,85,171,109,70,189,213,64,168,110,247,95,151,87,27,133,35,63,64,99,57,78,65,29,266,239,82,67,93,56,71,37,32,1195,1010
 특허법위반 ,1,8,1,5,4,,3,1,,,1,1,4,4,3,4,5,7,7,1,7,9,13,1,2,1,1,1,1,6,1,4,2,1,3,2,3,,1,7,7,2,,2,1,3,,4,,2,2,3,1,,4,1,,1,,1,1,,,,,,2,1,1,,1,1,1,1,7,4,10,1,2,,,3,1,1,2,1,6,,2,2,2,2,2,7,1,,2,,,2,4,1,3,1,3,,2,,,1,2,2,15,4,2,,2,,,1,25,18
 폐기물관리법위반 ,,,1,2,,1,,,3,2,1,,,,1,6,1,2,5,2,1,,2,1,4,,2,4,2,2,,5,,1,7,,20,,,3,3,,1,2,,8,,4,4,20,3,23,3,1,4,2,3,1,,,,,,4,1,5,1,,2,2,,8,2,20,3,2,3,5,1,6,2,6,,13,3,1,18,20,4,9,22,6,4,17,38,2,2,11,12,10,2,,27,1,1,1,10,10,5,1,5,18,9,3,4,4,3,2,3,9,983,355
 풍속영업의규제에관한법률위반 ,1,,,,,,,,1,,,,,,,1,,1,,,1,1,2,,,,2,,,,,,,1,,1,,,,,,1,1,,,1,1,4,,,,,,,,,,,,2,2,1,2,2,,,,,1,1,,,,,,4,1,,1,1,3,,2,9,,,1,,2,,,,1,6,,2,3,,2,,,,1,,,,,1,,,,1,,1,,1,1,,1,,6,4
 하천법위반 ,,,,,,,,,,,,,,,,4,,1,,,,,,,,,,,,,,,,1,,,,,,,,,,,,,,,,,,,,,,,,,,,,,,,1,,,,,,,,1,1,,,,,,,,,1,,,1,1,,,,1,,4,1,,1,1,2,1,1,,,5,,,2,1,2,,,,1,,1,2,,,3,2,2,18,62
 학교보건법위반 ,1,4,9,9,6,7,5,7,3,8,12,6,7,7,7,8,3,2,2,4,11,3,9,4,5,,6,4,6,15,1,9,11,4,15,1,,1,1,8,8,,7,,,,1,,,1,,2,14,2,9,4,2,,,,3,,9,7,,,3,1,,,,,,,1,,39,6,1,,2,2,1,8,,,6,,1,13,,,1,1,,2,2,,1,,,,,,,,,,,1,1,,2,,,,3,,1,4,5,4
 항만법위반 ,,,,,,,,,,,,,,,,,,,,,,,,,,2,,,10,,,3,,,17,,,,,,,,,,,,,,,7,1,,,,4,,,,,,,,,,,,,,,,,,,,,,,,,,,,,26,1,,,5,1,,,,,,,,,,,,,,,4,,,,,7,,,,4,,,,,,,,5,7
 항만운송사업법위반 ,,,,,,,,,,,,,,2,,,,,,,,,,,,43,,7,2,,,6,,16,11,,1,,,,,,,,,,,,,43,,,,,,1,,,,,,,,,,,,,,2,,2,,55,,,,,,,25,1,,276,,,,,9,,,11,,,116,,,20,,,,,,6,,,,,25,,,,,,,,,12,,,208,643
 해양오염방지법위반 ,,1,,,,,,,,,,,,,,,,,,,,,,,,2,,1,5,,,,,,3,,1,,,,,,,,,,,,,6,,,,,,,,,,,,,,,,,,,,,,1,1,1,,,,,,,,,,4,1,,,4,2,,,,,,128,,,,,,,,,1,,,,,1,,,,,,,,,,,,28,10
 향토예비군설치법위반 ,65,60,100,110,135,152,132,143,102,71,63,150,135,137,181,269,255,103,264,147,271,310,491,237,155,2,63,31,40,230,90,61,50,141,81,77,18,57,20,82,82,16,103,38,59,99,40,128,12,22,13,259,242,39,123,110,135,4,,54,97,41,128,58,63,72,141,40,47,26,34,101,42,44,242,469,413,136,242,221,123,175,52,99,249,29,238,191,125,58,63,74,212,146,58,36,42,125,51,168,67,25,215,43,20,35,63,58,117,18,23,192,225,43,56,42,34,27,13,15,985,820
 화재보험위반 ,,,,,32,,1,5,3,4,,,,,,,,,,,,,1,,,15,,,,,,,,,,,22,,,,,,,,,,,,,,,,2,,,,,,,,,,,,1,,1,,19,,,,,,16,,,1,60,,,,,,120,,85,55,,36,,30,,,2,,16,,,,,3,32,,24,,,,,,,84,38,48,,22,30,,,1,121,29
 기타특별법 ,478,526,333,423,621,766,624,485,613,369,520,492,385,503,600,798,688,478,760,383,573,723,1206,859,565,215,130,202,162,698,418,404,297,727,490,249,813,295,250,427,427,221,493,479,267,711,576,777,221,506,66,517,683,692,835,718,376,85,32,201,499,202,515,407,296,268,703,354,267,342,199,687,255,324,1341,1195,1210,1119,661,907,672,828,332,1365,1252,359,1130,1440,354,713,610,412,658,925,392,307,485,950,269,774,392,190,611,503,150,170,327,314,307,140,174,669,971,384,369,322,339,240,170,174,7937,7198
