"시도교육청","교육지원청","지역","정보공시 학교코드","학교명","학교급코드","설립구분","제외여부","제외사유","1학년 학급수","1학년 학생수","1학년 학급당 학생수","2학년 학급수","2학년 학생수","2학년 학급당 학생수","3학년 학급수","3학년 학생수","3학년 학급당 학생수","4학년 학급수","4학년 학생수","4학년 학급당 학생수","5학년 학급수","5학년 학생수","5학년 학급당 학생수","6학년 학급수","6학년 학생수","6학년 학급당 학생수","특수학급 학급수","특수학급 학생수","특수학급 학급당 학생수","순회학급 학급수","순회학급 학생수","순회학급 학급당 학생수","학급수(계)","학생수(계)","학급당 학생수(계)","교사수","수업교원 1인당 학생수"
"부산광역시교육청","부산광역시동래교육지원청","부산광역시 연제구","S000003559","부산교육대학교부설초등학교","02","국립","N","","4","79","19.8","4","79","19.8","4","79","19.8","4","95","23.8","4","96","24","4","95","23.8","1","5","5","0","0","0","25","528","21.1","29","18.2"
"부산광역시교육청","부산광역시서부교육지원청","부산광역시 중구","S020000625","광일초등학교","02","공립","N","","1","19","19","1","16","16","2","23","11.5","2","40","20","2","33","16.5","2","34","17","1","5","5","0","0","0","11","170","15.5","14","12.1"
"부산광역시교육청","부산광역시서부교육지원청","부산광역시 중구","S020000626","남성초등학교","02","사립","N","","3","90","30","3","90","30","3","72","24","3","58","19.3","3","60","20","3","59","19.7","0","0","0","0","0","0","18","429","23.8","23","18.7"
"부산광역시교육청","부산광역시남부교육지원청","부산광역시 남구","S020000628","대남초등학교","02","공립","N","","2","29","14.5","3","45","15","3","59","19.7","2","35","17.5","3","63","21","2","42","21","1","5","5","0","0","0","16","278","17.4","18","15.4"
"부산광역시교육청","부산광역시남부교육지원청","부산광역시 남구","S020000629","대연초등학교","02","공립","N","","3","72","24","4","86","21.5","5","106","21.2","6","125","20.8","6","141","23.5","7","163","23.3","2","10","5","0","0","0","33","703","21.3","39","18"
"부산광역시교육청","부산광역시남부교육지원청","부산광역시 남구","S020000630","대천초등학교","02","공립","N","","3","57","19","3","50","16.7","4","73","18.3","4","89","22.3","5","104","20.8","4","87","21.8","2","7","3.5","0","0","0","25","467","18.7","29","16.1"
"부산광역시교육청","부산광역시남부교육지원청","부산광역시 동구","S020000632","동일중앙초등학교","02","공립","N","","6","126","21","5","105","21","6","142","23.7","7","150","21.4","7","179","25.6","6","141","23.5","3","14","4.7","0","0","0","40","857","21.4","47","18.2"
"부산광역시교육청","부산광역시남부교육지원청","부산광역시 남구","S020000633","동천초등학교","02","공립","N","","2","25","12.5","1","22","22","2","32","16","2","46","23","3","51","17","2","44","22","1","3","3","0","0","0","13","223","17.2","15","14.9"
"부산광역시교육청","부산광역시남부교육지원청","부산광역시 남구","S020000634","동항초등학교","02","공립","N","","1","7","7","1","11","11","1","20","20","1","8","8","2","30","15","1","17","17","1","4","4","0","0","0","8","97","12.1","9","10.8"
"부산광역시교육청","부산광역시남부교육지원청","부산광역시 남구","S020000635","문현초등학교","02","공립","N","","3","52","17.3","3","60","20","4","76","19","4","75","18.8","5","88","17.6","5","91","18.2","2","7","3.5","0","0","0","26","449","17.3","31","14.5"
"부산광역시교육청","부산광역시남부교육지원청","부산광역시 남구","S020000637","백운초등학교","02","공립","N","","1","14","14","1","9","9","1","18","18","2","25","12.5","1","18","18","2","30","15","2","8","4","0","0","0","10","122","12.2","12","10.2"
"부산광역시교육청","부산광역시남부교육지원청","부산광역시 동구","S020000638","범일초등학교","02","공립","N","","1","24","24","1","16","16","2","27","13.5","2","26","13","2","32","16","2","30","15","2","8","4","0","0","0","12","163","13.6","13","12.5"
"부산광역시교육청","부산광역시서부교육지원청","부산광역시 중구","S020000639","보수초등학교","02","공립","N","","1","15","15","1","7","7","2","25","12.5","2","23","11.5","2","22","11","2","38","19","1","5","5","0","0","0","11","135","12.3","14","9.6"
"부산광역시교육청","부산광역시서부교육지원청","부산광역시 중구","S020000640","봉래초등학교","02","공립","N","","1","16","16","1","19","19","2","26","13","2","25","12.5","2","33","16.5","2","28","14","1","7","7","0","0","0","11","154","14","13","11.8"
"부산광역시교육청","부산광역시남부교육지원청","부산광역시 남구","S020000641","분포초등학교","02","공립","N","","5","116","23.2","5","116","23.2","6","139","23.2","7","163","23.3","8","181","22.6","8","197","24.6","1","5","5","0","0","0","40","917","22.9","49","18.7"
"부산광역시교육청","부산광역시동래교육지원청","부산광역시 금정구","S020000642","부산삼육초등학교","02","사립","N","","2","60","30","2","60","30","2","60","30","2","60","30","2","53","26.5","2","58","29","0","0","0","0","0","0","12","351","29.3","12","29.3"
"부산광역시교육청","부산광역시남부교육지원청","부산광역시 남구","S020000643","석포초등학교","02","공립","N","","5","94","18.8","5","110","22","5","107","21.4","4","89","22.3","5","116","23.2","6","113","18.8","2","9","4.5","0","0","0","32","638","19.9","37","17.2"
"부산광역시교육청","부산광역시남부교육지원청","부산광역시 동구","S020000644","성남초등학교","02","공립","N","","5","91","18.2","5","94","18.8","4","95","23.8","5","99","19.8","4","90","22.5","5","99","19.8","1","5","5","0","0","0","29","573","19.8","35","16.4"
"부산광역시교육청","부산광역시남부교육지원청","부산광역시 남구","S020000645","성동초등학교","02","공립","N","","4","76","19","4","83","20.8","5","111","22.2","7","140","20","6","129","21.5","7","130","18.6","2","9","4.5","0","0","0","35","678","19.4","43","15.8"
"부산광역시교육청","부산광역시남부교육지원청","부산광역시 남구","S020000646","성천초등학교","02","공립","N","","1","9","9","1","16","16","2","21","10.5","2","22","11","2","20","10","1","10","10","1","4","4","0","0","0","10","102","10.2","12","8.5"
"부산광역시교육청","부산광역시남부교육지원청","부산광역시 동구","S020000647","수성초등학교","02","공립","N","","1","11","11","1","14","14","1","14","14","1","22","22","1","14","14","2","26","13","1","3","3","0","0","0","8","104","13","10","10.4"
"부산광역시교육청","부산광역시남부교육지원청","부산광역시 동구","S020000648","수정초등학교","02","공립","N","","2","36","18","2","23","11.5","3","56","18.7","3","52","17.3","3","63","21","2","44","22","2","7","3.5","0","0","0","17","281","16.5","20","14.1"
"부산광역시교육청","부산광역시남부교육지원청","부산광역시 남구","S020000649","신연초등학교","02","공립","N","","2","26","13","3","28","9.3","3","36","12","3","12","4","3","33","11","3","24","8","1","3","3","0","0","0","18","162","9","23","7"
"부산광역시교육청","부산광역시남부교육지원청","부산광역시 남구","S020000650","연포초등학교","02","공립","N","","8","176","22","7","165","23.6","8","191","23.9","9","218","24.2","9","215","23.9","9","218","24.2","2","7","3.5","0","0","0","52","1190","22.9","65","18.3"
"부산광역시교육청","부산광역시남부교육지원청","부산광역시 남구","S020000651","용당초등학교","02","공립","N","","1","7","7","1","3","3","1","8","8","1","13","13","1","20","20","1","10","10","1","6","6","0","0","0","7","67","9.6","10","6.7"
"부산광역시교육청","부산광역시남부교육지원청","부산광역시 남구","S020000652","용산초등학교","02","공립","N","","1","15","15","2","26","13","2","38","19","2","41","20.5","3","56","18.7","3","49","16.3","1","6","6","0","0","0","14","231","16.5","17","13.6"
"부산광역시교육청","부산광역시남부교육지원청","부산광역시 남구","S020000654","용호초등학교","02","공립","N","","2","32","16","3","45","15","3","50","16.7","3","65","21.7","3","73","24.3","4","74","18.5","2","10","5","0","0","0","20","349","17.5","22","15.9"
"부산광역시교육청","부산광역시남부교육지원청","부산광역시 남구","S020000655","우암초등학교","02","공립","N","","2","33","16.5","3","38","12.7","3","42","14","3","40","13.3","4","50","12.5","4","56","14","1","5","5","0","0","0","20","264","13.2","23","11.5"
"부산광역시교육청","부산광역시남부교육지원청","부산광역시 남구","S020000656","운산초등학교","02","공립","N","","3","61","20.3","3","63","21","4","85","21.3","4","78","19.5","3","71","23.7","4","73","18.3","2","9","4.5","0","0","0","23","440","19.1","28","15.7"
"부산광역시교육청","부산광역시남부교육지원청","부산광역시 동구","S020000660","초량초등학교","02","공립","N","","2","16","8","2","20","10","2","20","10","2","31","15.5","3","34","11.3","2","45","22.5","1","3","3","0","0","0","14","169","12.1","16","10.6"
"부산광역시교육청","부산광역시동래교육지원청","부산광역시 금정구","S020000800","공덕초등학교","02","공립","N","","1","6","6","1","3","3","1","5","5","1","6","6","1","13","13","1","5","5","1","2","2","0","0","0","7","40","5.7","9","4.4"
"부산광역시교육청","부산광역시동래교육지원청","부산광역시 동래구","S020000801","교동초등학교","02","공립","N","","4","85","21.3","5","118","23.6","6","134","22.3","6","125","20.8","7","168","24","6","152","25.3","1","4","4","0","0","0","35","786","22.5","42","18.7"
"부산광역시교육청","부산광역시동래교육지원청","부산광역시 금정구","S020000802","구서초등학교","02","공립","N","","3","46","15.3","2","43","21.5","3","55","18.3","3","68","22.7","5","106","21.2","4","90","22.5","1","6","6","0","0","0","21","414","19.7","26","15.9"
"부산광역시교육청","부산광역시동래교육지원청","부산광역시 동래구","S020000803","금강초등학교","02","공립","N","","6","129","21.5","5","118","23.6","5","119","23.8","6","127","21.2","6","132","22","6","131","21.8","2","12","6","0","0","0","36","768","21.3","44","17.5"
"부산광역시교육청","부산광역시동래교육지원청","부산광역시 금정구","S020000804","금사초등학교","02","공립","N","","2","33","16.5","2","35","17.5","2","36","18","2","35","17.5","3","57","19","2","37","18.5","2","9","4.5","0","0","0","15","242","16.1","17","14.2"
"부산광역시교육청","부산광역시동래교육지원청","부산광역시 금정구","S020000805","금성초등학교","02","공립","N","","1","14","14","1","3","3","1","9","9","1","3","3","1","13","13","1","4","4","1","2","2","0","0","0","7","48","6.9","9","5.3"
"부산광역시교육청","부산광역시동래교육지원청","부산광역시 금정구","S020000806","금양초등학교","02","공립","N","","4","73","18.3","4","78","19.5","5","86","17.2","5","98","19.6","5","105","21","6","130","21.7","2","13","6.5","0","0","0","31","583","18.8","36","16.2"
"부산광역시교육청","부산광역시동래교육지원청","부산광역시 금정구","S020000807","금정초등학교","02","공립","N","","9","214","23.8","9","221","24.6","8","209","26.1","8","209","26.1","10","246","24.6","9","212","23.6","2","14","7","0","0","0","55","1325","24.1","64","20.7"
"부산광역시교육청","부산광역시동래교육지원청","부산광역시 동래구","S020000808","낙민초등학교","02","공립","N","","3","52","17.3","4","78","19.5","4","75","18.8","5","109","21.8","6","136","22.7","4","85","21.3","1","6","6","0","0","0","27","541","20","34","15.9"
"부산광역시교육청","부산광역시동래교육지원청","부산광역시 금정구","S020000809","남산초등학교","02","공립","N","","2","33","16.5","2","35","17.5","2","46","23","3","57","19","3","61","20.3","4","85","21.3","1","7","7","0","0","0","17","324","19.1","21","15.4"
"부산광역시교육청","부산광역시동래교육지원청","부산광역시 동래구","S020000810","내산초등학교","02","공립","N","","1","13","13","1","14","14","2","24","12","2","40","20","2","38","19","2","42","21","2","11","5.5","0","0","0","12","182","15.2","13","14"
"부산광역시교육청","부산광역시동래교육지원청","부산광역시 동래구","S020000811","내성초등학교","02","공립","N","","1","11","11","1","8","8","1","11","11","1","13","13","1","20","20","1","20","20","2","8","4","0","0","0","8","91","11.4","12","7.6"
"부산광역시교육청","부산광역시동래교육지원청","부산광역시 동래구","S020000812","달북초등학교","02","공립","N","","3","55","18.3","3","59","19.7","4","79","19.8","4","91","22.8","5","99","19.8","4","81","20.3","1","6","6","0","0","0","24","470","19.6","28","16.8"
"부산광역시교육청","부산광역시동래교육지원청","부산광역시 금정구","S020000813","동래초등학교","02","사립","N","","4","112","28","4","109","27.3","4","109","27.3","4","101","25.3","3","97","32.3","3","89","29.7","0","0","0","0","0","0","22","617","28","23","26.8"
"부산광역시교육청","부산광역시동래교육지원청","부산광역시 금정구","S020000814","동상초등학교","02","공립","N","","1","10","10","1","10","10","1","14","14","1","12","12","1","21","21","1","21","21","1","3","3","0","0","0","7","91","13","8","11.4"
"부산광역시교육청","부산광역시동래교육지원청","부산광역시 금정구","S020000815","동현초등학교","02","공립","N","","1","23","23","2","38","19","2","41","20.5","3","55","18.3","2","37","18.5","3","57","19","1","6","6","0","0","0","14","257","18.4","17","15.1"
"부산광역시교육청","부산광역시동래교육지원청","부산광역시 동래구","S020000816","명동초등학교","02","공립","N","","3","53","17.7","2","55","27.5","4","74","18.5","4","78","19.5","4","89","22.3","4","73","18.3","1","5","5","0","0","0","22","427","19.4","26","16.4"
"부산광역시교육청","부산광역시동래교육지원청","부산광역시 동래구","S020000817","명륜초등학교","02","공립","N","","7","162","23.1","5","130","26","7","165","23.6","8","195","24.4","8","210","26.3","8","213","26.6","1","6","6","0","0","0","44","1081","24.6","54","20"
"부산광역시교육청","부산광역시동래교육지원청","부산광역시 동래구","S020000818","명서초등학교","02","공립","N","","1","10","10","1","9","9","1","10","10","1","11","11","1","13","13","1","25","25","1","6","6","0","0","0","7","84","12","9","9.3"
"부산광역시교육청","부산광역시동래교육지원청","부산광역시 동래구","S020000819","명장초등학교","02","공립","N","","3","56","18.7","2","42","21","3","56","18.7","3","68","22.7","3","53","17.7","3","58","19.3","1","7","7","0","0","0","18","340","18.9","21","16.2"
"부산광역시교육청","부산광역시동래교육지원청","부산광역시 동래구","S020000820","미남초등학교","02","공립","N","","1","22","22","2","36","18","2","29","14.5","2","45","22.5","2","44","22","2","47","23.5","2","5","2.5","0","0","0","13","228","17.5","16","14.3"
"부산광역시교육청","부산광역시동래교육지원청","부산광역시 금정구","S020000821","부곡초등학교","02","공립","N","","3","53","17.7","3","65","21.7","3","69","23","4","73","18.3","4","82","20.5","3","72","24","1","7","7","0","0","0","21","421","20","24","17.5"
"부산광역시교육청","부산광역시동래교육지원청","부산광역시 동래구","S020000822","사직초등학교","02","공립","N","","4","98","24.5","5","123","24.6","5","135","27","6","152","25.3","8","185","23.1","8","202","25.3","1","6","6","0","0","0","37","901","24.4","45","20"
"부산광역시교육청","부산광역시동래교육지원청","부산광역시 금정구","S020000824","서동초등학교","02","공립","N","","1","5","5","1","8","8","1","15","15","1","6","6","1","11","11","1","16","16","1","1","1","0","0","0","7","62","8.9","9","6.9"
"부산광역시교육청","부산광역시동래교육지원청","부산광역시 금정구","S020000825","서명초등학교","02","공립","N","","1","2","2","1","3","3","1","4","4","1","2","2","1","9","9","1","2","2","1","5","5","0","0","0","7","27","3.9","8","3.4"
"부산광역시교육청","부산광역시동래교육지원청","부산광역시 동래구","S020000826","수안초등학교","02","공립","N","","1","18","18","1","8","8","1","20","20","2","18","9","2","30","15","2","34","17","1","4","4","0","0","0","10","132","13.2","11","12"
"부산광역시교육청","부산광역시동래교육지원청","부산광역시 동래구","S020000827","안남초등학교","02","공립","N","","4","79","19.8","4","82","20.5","4","103","25.8","5","125","25","6","132","22","6","133","22.2","2","11","5.5","0","0","0","31","665","21.5","37","18"
"부산광역시교육청","부산광역시동래교육지원청","부산광역시 동래구","S020000828","안락초등학교","02","공립","N","","1","12","12","2","24","12","1","21","21","2","33","16.5","2","34","17","2","31","15.5","1","6","6","0","0","0","11","161","14.6","13","12.4"
"부산광역시교육청","부산광역시동래교육지원청","부산광역시 동래구","S020000829","안민초등학교","02","공립","N","","3","70","23.3","4","83","20.8","4","90","22.5","4","96","24","5","121","24.2","6","123","20.5","1","6","6","0","0","0","27","589","21.8","32","18.4"
"부산광역시교육청","부산광역시동래교육지원청","부산광역시 동래구","S020000830","여고초등학교","02","공립","N","","4","102","25.5","4","111","27.8","5","149","29.8","6","157","26.2","8","199","24.9","9","230","25.6","1","6","6","0","0","0","37","954","25.8","43","22.2"
"부산광역시교육청","부산광역시동래교육지원청","부산광역시 동래구","S020000831","온천초등학교","02","공립","N","","8","164","20.5","6","161","26.8","6","166","27.7","8","201","25.1","6","157","26.2","8","206","25.8","2","14","7","0","0","0","44","1069","24.3","53","20.2"
"부산광역시교육청","부산광역시동래교육지원청","부산광역시 금정구","S020000832","장서초등학교","02","공립","N","","4","76","19","3","66","22","4","88","22","4","87","21.8","5","113","22.6","5","115","23","2","11","5.5","0","0","0","27","556","20.6","32","17.4"
"부산광역시교육청","부산광역시동래교육지원청","부산광역시 금정구","S020000833","장전초등학교","02","공립","N","","3","54","18","2","44","22","2","52","26","3","66","22","5","87","17.4","4","73","18.3","1","7","7","0","0","0","20","383","19.2","23","16.7"
"부산광역시교육청","부산광역시동래교육지원청","부산광역시 금정구","S020000834","청룡초등학교","02","공립","N","","2","28","14","2","40","20","3","52","17.3","3","54","18","3","76","25.3","4","73","18.3","2","12","6","0","0","0","19","335","17.6","22","15.2"
"부산광역시교육청","부산광역시동래교육지원청","부산광역시 금정구","S020000835","현곡초등학교","02","공립","N","","1","4","4","1","10","10","1","10","10","1","16","16","1","18","18","1","13","13","1","7","7","0","0","0","7","78","11.1","8","9.8"
"부산광역시교육청","부산광역시동래교육지원청","부산광역시 동래구","S020000836","혜화초등학교","02","사립","N","","2","59","29.5","2","60","30","2","60","30","2","56","28","2","56","28","2","52","26","0","0","0","0","0","0","12","343","28.6","12","28.6"
"부산광역시교육청","부산광역시남부교육지원청","부산광역시 부산진구","S020000989","가남초등학교","02","공립","N","","1","4","4","1","4","4","1","6","6","1","11","11","1","12","12","1","8","8","1","5","5","0","0","0","7","50","7.1","9","5.6"
"부산광역시교육청","부산광역시남부교육지원청","부산광역시 부산진구","S020000991","가야초등학교","02","공립","N","","6","142","23.7","6","137","22.8","7","136","19.4","8","183","22.9","7","157","22.4","8","176","22","2","12","6","0","0","0","44","943","21.4","52","18.1"
"부산광역시교육청","부산광역시남부교육지원청","부산광역시 부산진구","S020000992","가평초등학교","02","공립","N","","4","74","18.5","3","70","23.3","4","72","18","5","103","20.6","5","124","24.8","5","117","23.4","2","13","6.5","0","0","0","28","573","20.5","34","16.9"
"부산광역시교육청","부산광역시남부교육지원청","부산광역시 부산진구","S020000993","개금초등학교","02","공립","N","","3","72","24","3","57","19","3","70","23.3","4","87","21.8","5","104","20.8","6","135","22.5","2","10","5","0","0","0","26","535","20.6","31","17.3"
"부산광역시교육청","부산광역시남부교육지원청","부산광역시 부산진구","S020000995","개림초등학교","02","공립","N","","4","82","20.5","4","80","20","5","100","20","5","108","21.6","6","132","22","5","111","22.2","1","6","6","0","0","0","30","619","20.6","38","16.3"
"부산광역시교육청","부산광역시남부교육지원청","부산광역시 부산진구","S020000996","개원초등학교","02","공립","N","","2","44","22","3","54","18","3","62","20.7","4","73","18.3","4","74","18.5","4","88","22","1","7","7","0","0","0","21","402","19.1","26","15.5"
"부산광역시교육청","부산광역시남부교육지원청","부산광역시 부산진구","S020000997","개포초등학교","02","공립","N","","1","18","18","2","24","12","2","27","13.5","2","36","18","2","45","22.5","3","47","15.7","1","5","5","0","0","0","13","202","15.5","14","14.4"
"부산광역시교육청","부산광역시남부교육지원청","부산광역시 부산진구","S020000998","개화초등학교","02","공립","N","","1","14","14","1","10","10","1","23","23","1","21","21","2","33","16.5","2","30","15","1","3","3","0","0","0","9","134","14.9","10","13.4"
"부산광역시교육청","부산광역시동래교육지원청","부산광역시 연제구","S020000999","거제초등학교","02","공립","N","","6","137","22.8","6","149","24.8","6","150","25","5","142","28.4","6","143","23.8","5","120","24","1","7","7","0","0","0","35","848","24.2","42","20.2"
"부산광역시교육청","부산광역시동래교육지원청","부산광역시 연제구","S020001000","거학초등학교","02","공립","N","","3","54","18","3","56","18.7","3","68","22.7","4","98","24.5","5","100","20","5","103","20.6","1","6","6","0","0","0","24","485","20.2","28","17.3"
"부산광역시교육청","부산광역시동래교육지원청","부산광역시 연제구","S020001001","과정초등학교","02","공립","N","","3","51","17","2","40","20","3","57","19","4","81","20.3","4","73","18.3","4","84","21","1","6","6","0","0","0","21","392","18.7","26","15.1"
"부산광역시교육청","부산광역시동래교육지원청","부산광역시 연제구","S020001002","남문초등학교","02","공립","N","","5","109","21.8","6","149","24.8","5","124","24.8","7","193","27.6","9","228","25.3","8","196","24.5","1","6","6","0","0","0","41","1005","24.5","49","20.5"
"부산광역시교육청","부산광역시남부교육지원청","부산광역시 부산진구","S020001003","당감초등학교","02","공립","N","","1","15","15","1","15","15","1","21","21","1","15","15","2","32","16","2","39","19.5","1","5","5","0","0","0","9","142","15.8","9","15.8"
"부산광역시교육청","부산광역시남부교육지원청","부산광역시 부산진구","S020001004","당평초등학교","02","공립","N","","1","14","14","2","23","11.5","2","35","17.5","2","25","12.5","2","45","22.5","2","44","22","2","7","3.5","0","0","0","13","193","14.8","16","12.1"
"부산광역시교육청","부산광역시동래교육지원청","부산광역시 연제구","S020001005","동명초등학교","02","공립","N","","1","19","19","1","14","14","2","18","9","2","27","13.5","2","25","12.5","2","34","17","2","9","4.5","0","0","0","12","146","12.2","14","10.4"
"부산광역시교육청","부산광역시남부교육지원청","부산광역시 부산진구","S020001006","동성초등학교","02","사립","N","","4","112","28","4","112","28","4","112","28","4","112","28","4","120","30","4","120","30","0","0","0","0","0","0","24","688","28.7","24","28.7"
"부산광역시교육청","부산광역시남부교육지원청","부산광역시 부산진구","S020001007","동원초등학교","02","공립","N","","4","76","19","4","92","23","4","99","24.8","4","92","23","5","114","22.8","6","108","18","1","6","6","0","0","0","28","587","21","32","18.3"
"부산광역시교육청","부산광역시남부교육지원청","부산광역시 부산진구","S020001008","동평초등학교","02","공립","N","","3","74","24.7","4","92","23","4","79","19.8","4","86","21.5","4","88","22","4","81","20.3","1","6","6","0","0","0","24","506","21.1","29","17.4"
"부산광역시교육청","부산광역시남부교육지원청","부산광역시 부산진구","S020001010","부산진초등학교","02","공립","N","","3","48","16","3","52","17.3","4","75","18.8","4","78","19.5","3","68","22.7","3","60","20","2","8","4","0","0","0","22","389","17.7","26","15"
"부산광역시교육청","부산광역시남부교육지원청","부산광역시 부산진구","S020001011","부암초등학교","02","공립","N","","5","101","20.2","5","104","20.8","5","101","20.2","6","122","20.3","5","115","23","6","131","21.8","2","11","5.5","0","0","0","34","685","20.1","40","17.1"
"부산광역시교육청","부산광역시남부교육지원청","부산광역시 부산진구","S020001012","부전초등학교","02","공립","N","","3","59","19.7","3","62","20.7","3","49","16.3","3","61","20.3","3","56","18.7","3","62","20.7","1","5","5","0","0","0","19","354","18.6","22","16.1"
"부산광역시교육청","부산광역시남부교육지원청","부산광역시 부산진구","S020001013","선암초등학교","02","공립","N","","2","23","11.5","1","21","21","2","30","15","1","23","23","1","21","21","1","13","13","1","4","4","0","0","0","9","135","15","10","13.5"
"부산광역시교육청","부산광역시남부교육지원청","부산광역시 부산진구","S020001014","성북초등학교","02","공립","N","","3","65","21.7","3","72","24","5","102","20.4","5","103","20.6","5","120","24","5","103","20.6","2","12","6","0","0","0","28","577","20.6","34","17"
"부산광역시교육청","부산광역시남부교육지원청","부산광역시 부산진구","S020001015","성서초등학교","02","공립","N","","2","25","12.5","2","29","14.5","2","33","16.5","2","24","12","2","25","12.5","2","30","15","1","5","5","0","0","0","13","171","13.2","15","11.4"
"부산광역시교육청","부산광역시남부교육지원청","부산광역시 부산진구","S020001016","성전초등학교","02","공립","N","","3","62","20.7","4","79","19.8","3","67","22.3","4","70","17.5","3","69","23","3","69","23","1","4","4","0","0","0","21","420","20","24","17.5"
"부산광역시교육청","부산광역시남부교육지원청","부산광역시 부산진구","S020001017","성지초등학교","02","공립","N","","3","58","19.3","4","69","17.3","3","55","18.3","4","86","21.5","4","71","17.8","4","89","22.3","2","13","6.5","0","0","0","24","441","18.4","29","15.2"
"부산광역시교육청","부산광역시남부교육지원청","부산광역시 부산진구","S020001018","양동초등학교","02","공립","N","","7","171","24.4","6","153","25.5","7","179","25.6","8","191","23.9","6","160","26.7","7","164","23.4","2","16","8","0","0","0","43","1034","24","51","20.3"
"부산광역시교육청","부산광역시남부교육지원청","부산광역시 부산진구","S020001019","양성초등학교","02","공립","N","","2","28","14","2","39","19.5","2","35","17.5","3","41","13.7","3","44","14.7","3","58","19.3","2","9","4.5","0","0","0","17","254","14.9","20","12.7"
"부산광역시교육청","부산광역시남부교육지원청","부산광역시 부산진구","S020001020","양정초등학교","02","공립","N","","6","128","21.3","6","124","20.7","6","123","20.5","7","146","20.9","7","153","21.9","7","149","21.3","2","14","7","0","0","0","41","837","20.4","50","16.7"
"부산광역시교육청","부산광역시동래교육지원청","부산광역시 연제구","S020001021","연동초등학교","02","공립","N","","3","65","21.7","4","71","17.8","4","80","20","4","83","20.8","5","110","22","4","80","20","1","6","6","0","0","0","25","495","19.8","31","16"
"부산광역시교육청","부산광역시동래교육지원청","부산광역시 연제구","S020001022","연미초등학교","02","공립","N","","3","61","20.3","4","69","17.3","2","43","21.5","3","54","18","3","48","16","2","40","20","1","6","6","0","0","0","18","321","17.8","21","15.3"
"부산광역시교육청","부산광역시동래교육지원청","부산광역시 연제구","S020001023","연산초등학교","02","공립","N","","6","98","16.3","5","110","22","6","115","19.2","7","145","20.7","6","131","21.8","6","114","19","2","14","7","0","0","0","38","727","19.1","46","15.8"
"부산광역시교육청","부산광역시동래교육지원청","부산광역시 연제구","S020001024","연서초등학교","02","공립","N","","4","76","19","3","70","23.3","4","82","20.5","5","102","20.4","5","101","20.2","6","127","21.2","1","6","6","0","0","0","28","564","20.1","36","15.7"
"부산광역시교육청","부산광역시동래교육지원청","부산광역시 연제구","S020001025","연신초등학교","02","공립","N","","4","74","18.5","4","83","20.8","4","84","21","5","112","22.4","5","90","18","5","107","21.4","1","3","3","0","0","0","28","553","19.8","33","16.8"
"부산광역시교육청","부산광역시동래교육지원청","부산광역시 연제구","S020001026","연일초등학교","02","공립","N","","1","11","11","1","3","3","1","11","11","1","17","17","1","18","18","1","19","19","1","5","5","0","0","0","7","84","12","9","9.3"
"부산광역시교육청","부산광역시동래교육지원청","부산광역시 연제구","S020001027","연제초등학교","02","공립","N","","3","56","18.7","3","53","17.7","4","68","17","3","62","20.7","4","85","21.3","3","73","24.3","1","5","5","0","0","0","21","402","19.1","25","16.1"
"부산광역시교육청","부산광역시남부교육지원청","부산광역시 부산진구","S020001028","연지초등학교","02","공립","N","","8","177","22.1","8","187","23.4","9","205","22.8","10","219","21.9","10","236","23.6","9","214","23.8","2","14","7","0","0","0","56","1252","22.4","65","19.3"
"부산광역시교육청","부산광역시동래교육지원청","부산광역시 연제구","S020001029","연천초등학교","02","공립","N","","2","46","23","4","78","19.5","3","76","25.3","5","103","20.6","5","105","21","5","108","21.6","1","6","6","0","0","0","25","522","20.9","30","17.4"
"부산광역시교육청","부산광역시남부교육지원청","부산광역시 부산진구","S020001030","연학초등학교","02","공립","N","","2","38","19","3","49","16.3","3","59","19.7","3","73","24.3","3","60","20","3","67","22.3","1","6","6","0","0","0","18","352","19.6","21","16.8"
"부산광역시교육청","부산광역시남부교육지원청","부산광역시 부산진구","S020001031","전포초등학교","02","공립","N","","3","44","14.7","3","43","14.3","3","60","20","3","63","21","3","46","15.3","3","61","20.3","2","8","4","0","0","0","20","325","16.3","23","14.1"
"부산광역시교육청","부산광역시남부교육지원청","부산광역시 부산진구","S020001032","주례초등학교","02","공립","N","","2","21","10.5","2","38","19","3","43","14.3","2","46","23","3","65","21.7","3","48","16","2","11","5.5","0","0","0","17","272","16","20","13.6"
"부산광역시교육청","부산광역시동래교육지원청","부산광역시 연제구","S020001034","창신초등학교","02","공립","N","","10","246","24.6","9","241","26.8","11","288","26.2","10","274","27.4","11","278","25.3","11","271","24.6","2","13","6.5","0","0","0","64","1611","25.2","77","20.9"
"부산광역시교육청","부산광역시남부교육지원청","부산광역시 부산진구","S020001035","초읍초등학교","02","공립","N","","3","67","22.3","3","51","17","3","65","21.7","3","72","24","4","75","18.8","4","70","17.5","1","6","6","0","0","0","21","406","19.3","25","16.2"
"부산광역시교육청","부산광역시동래교육지원청","부산광역시 연제구","S020001036","토현초등학교","02","공립","N","","1","17","17","1","22","22","2","36","18","2","38","19","2","43","21.5","3","46","15.3","1","7","7","0","0","0","12","209","17.4","14","14.9"
"부산광역시교육청","부산광역시북부교육지원청","부산광역시 강서구","S020001235","가락초등학교","02","공립","N","","1","1","1","1","7","7","1","1","1","1","2","2","1","3","3","1","2","2","1","3","3","0","0","0","7","19","2.7","10","1.9"
"부산광역시교육청","부산광역시북부교육지원청","부산광역시 사상구","S020001237","감전초등학교","02","공립","N","","1","21","21","2","23","11.5","2","24","12","2","30","15","2","23","11.5","2","30","15","1","5","5","0","0","0","12","156","13","14","11.1"
"부산광역시교육청","부산광역시북부교육지원청","부산광역시 북구","S020001239","구남초등학교","02","공립","N","","2","30","15","3","61","20.3","2","41","20.5","4","63","15.8","3","72","24","4","73","18.3","2","8","4","0","0","0","20","348","17.4","23","15.1"
"부산광역시교육청","부산광역시북부교육지원청","부산광역시 북구","S020001240","구포초등학교","02","공립","N","","4","87","21.8","5","91","18.2","5","79","15.8","6","109","18.2","5","92","18.4","4","87","21.8","3","15","5","0","0","0","32","560","17.5","37","15.1"
"부산광역시교육청","부산광역시북부교육지원청","부산광역시 사상구","S020001241","구학초등학교","02","공립","N","","2","40","20","2","44","22","3","63","21","3","58","19.3","4","72","18","3","70","23.3","1","6","6","0","0","0","18","353","19.6","22","16"
"부산광역시교육청","부산광역시북부교육지원청","부산광역시 북구","S020001242","금곡초등학교","02","공립","N","","2","21","10.5","2","29","14.5","2","43","21.5","2","38","19","3","52","17.3","2","48","24","1","5","5","0","0","0","14","236","16.9","16","14.8"
"부산광역시교육청","부산광역시북부교육지원청","부산광역시 북구","S020001243","금창초등학교","02","공립","N","","1","7","7","1","9","9","1","3","3","2","20","10","1","15","15","2","28","14","1","6","6","0","0","0","9","88","9.8","11","8"
"부산광역시교육청","부산광역시북부교육지원청","부산광역시 강서구","S020001244","녹명초등학교","02","공립","N","","1","16","16","1","12","12","1","19","19","1","13","13","1","18","18","1","12","12","1","5","5","0","0","0","7","95","13.6","9","10.6"
"부산광역시교육청","부산광역시북부교육지원청","부산광역시 강서구","S020001246","대사초등학교","02","공립","N","","0","0","0","1","1","1","1","1","1","1","0","0","1","1","1","1","0","0","1","1","1","0","0","0","6","4","0.7","8","0.5"
"부산광역시교육청","부산광역시북부교육지원청","부산광역시 강서구","S020001247","대상초등학교","02","공립","N","","1","6","6","1","3","3","1","7","7","1","2","2","1","8","8","1","1","1","1","5","5","0","0","0","7","32","4.6","9","3.6"
"부산광역시교육청","부산광역시북부교육지원청","부산광역시 강서구","S020001250","대저초등학교","02","공립","N","","1","4","4","0","0","0","1","6","6","1","2","2","1","3","3","1","4","4","1","1","1","0","0","0","6","20","3.3","8","2.5"
"부산광역시교육청","부산광역시북부교육지원청","부산광역시 북구","S020001251","대천리초등학교","02","공립","N","","1","19","19","1","19","19","2","21","10.5","2","31","15.5","2","46","23","2","37","18.5","1","6","6","0","0","0","11","179","16.3","13","13.8"
"부산광역시교육청","부산광역시북부교육지원청","부산광역시 강서구","S020001253","덕두초등학교","02","공립","N","","2","20","10","2","33","16.5","2","25","12.5","2","31","15.5","2","24","12","2","28","14","1","1","1","0","0","0","13","162","12.5","15","10.8"
"부산광역시교육청","부산광역시북부교육지원청","부산광역시 사상구","S020001254","덕상초등학교","02","공립","N","","2","41","20.5","2","39","19.5","3","55","18.3","3","57","19","4","92","23","3","59","19.7","1","5","5","0","0","0","18","348","19.3","21","16.6"
"부산광역시교육청","부산광역시북부교육지원청","부산광역시 북구","S020001255","덕성초등학교","02","공립","N","","3","56","18.7","3","61","20.3","3","52","17.3","3","57","19","3","60","20","3","54","18","1","6","6","0","0","0","19","346","18.2","22","15.7"
"부산광역시교육청","부산광역시북부교육지원청","부산광역시 북구","S020001256","덕양초등학교","02","공립","N","","2","33","16.5","2","38","19","2","44","22","3","46","15.3","3","62","20.7","3","60","20","1","5","5","0","0","0","16","288","18","19","15.2"
"부산광역시교육청","부산광역시북부교육지원청","부산광역시 북구","S020001257","덕천초등학교","02","공립","N","","1","7","7","1","11","11","1","7","7","1","13","13","1","14","14","1","11","11","1","4","4","0","0","0","7","67","9.6","11","6.1"
"부산광역시교육청","부산광역시북부교육지원청","부산광역시 사상구","S020001258","덕포초등학교","02","공립","N","","1","12","12","1","17","17","2","29","14.5","2","25","12.5","2","27","13.5","1","17","17","1","4","4","0","0","0","10","131","13.1","12","10.9"
"부산광역시교육청","부산광역시북부교육지원청","부산광역시 사상구","S020001259","동궁초등학교","02","공립","N","","3","51","17","3","54","18","3","69","23","4","65","16.3","5","107","21.4","4","85","21.3","2","9","4.5","0","0","0","24","440","18.3","29","15.2"
"부산광역시교육청","부산광역시북부교육지원청","부산광역시 사상구","S020001260","동주초등학교","02","공립","N","","2","36","18","3","56","18.7","3","54","18","3","64","21.3","4","81","20.3","4","79","19.8","1","6","6","0","0","0","20","376","18.8","24","15.7"
"부산광역시교육청","부산광역시북부교육지원청","부산광역시 북구","S020001261","만덕초등학교","02","공립","N","","3","58","19.3","3","62","20.7","4","69","17.3","3","73","24.3","3","57","19","3","54","18","1","7","7","0","0","0","20","380","19","23","16.5"
"부산광역시교육청","부산광역시북부교육지원청","부산광역시 북구","S020001262","명덕초등학교","02","공립","N","","3","70","23.3","4","82","20.5","4","98","24.5","5","108","21.6","6","127","21.2","5","115","23","1","7","7","0","0","0","28","607","21.7","35","17.3"
"부산광역시교육청","부산광역시북부교육지원청","부산광역시 강서구","S020001263","명지초등학교","02","공립","N","","8","191","23.9","8","180","22.5","10","214","21.4","10","248","24.8","9","232","25.8","10","259","25.9","2","11","5.5","0","0","0","57","1335","23.4","68","19.6"
"부산광역시교육청","부산광역시북부교육지원청","부산광역시 사상구","S020001264","모덕초등학교","02","공립","N","","3","50","16.7","3","62","20.7","4","73","18.3","4","81","20.3","5","99","19.8","5","109","21.8","2","12","6","0","0","0","26","486","18.7","30","16.2"
"부산광역시교육청","부산광역시북부교육지원청","부산광역시 사상구","S020001265","모동초등학교","02","공립","N","","1","3","3","1","5","5","1","5","5","1","4","4","1","7","7","1","10","10","1","3","3","0","0","0","7","37","5.3","9","4.1"
"부산광역시교육청","부산광역시북부교육지원청","부산광역시 사상구","S020001266","모라초등학교","02","공립","N","","1","13","13","1","17","17","1","15","15","1","11","11","2","20","10","2","27","13.5","2","11","5.5","0","0","0","10","114","11.4","12","9.5"
"부산광역시교육청","부산광역시북부교육지원청","부산광역시 사상구","S020001267","모산초등학교","02","공립","N","","1","20","20","2","41","20.5","2","45","22.5","2","45","22.5","2","52","26","2","45","22.5","1","5","5","0","0","0","12","253","21.1","15","16.9"
"부산광역시교육청","부산광역시북부교육지원청","부산광역시 강서구","S020001268","배영초등학교","02","공립","N","","1","4","4","1","2","2","1","2","2","1","7","7","1","3","3","1","9","9","1","6","6","0","0","0","7","33","4.7","9","3.7"
"부산광역시교육청","부산광역시북부교육지원청","부산광역시 북구","S020001269","백산초등학교","02","공립","N","","3","61","20.3","3","58","19.3","4","93","23.3","4","91","22.8","4","97","24.3","4","91","22.8","1","5","5","0","0","0","23","496","21.6","27","18.4"
"부산광역시교육청","부산광역시북부교육지원청","부산광역시 북구","S020001270","백양초등학교","02","공립","N","","6","122","20.3","7","143","20.4","7","151","21.6","7","153","21.9","7","156","22.3","6","137","22.8","2","12","6","0","0","0","42","874","20.8","52","16.8"
"부산광역시교육청","부산광역시북부교육지원청","부산광역시 사상구","S020001271","사상초등학교","02","공립","N","","3","47","15.7","3","51","17","3","63","21","3","51","17","3","55","18.3","3","58","19.3","2","12","6","0","0","0","20","337","16.9","23","14.7"
"부산광역시교육청","부산광역시북부교육지원청","부산광역시 사상구","S020001273","삼덕초등학교","02","공립","N","","1","10","10","1","12","12","1","15","15","2","22","11","1","17","17","1","12","12","1","6","6","0","0","0","8","94","11.8","11","8.5"
"부산광역시교육청","부산광역시북부교육지원청","부산광역시 사상구","S020001275","서감초등학교","02","공립","N","","1","10","10","2","21","10.5","1","18","18","1","16","16","1","16","16","2","20","10","1","5","5","0","0","0","9","106","11.8","13","8.2"
"부산광역시교육청","부산광역시북부교육지원청","부산광역시 북구","S020001279","신금초등학교","02","공립","N","","2","29","14.5","2","31","15.5","2","26","13","2","40","20","3","48","16","2","36","18","1","5","5","0","0","0","14","215","15.4","16","13.4"
"부산광역시교육청","부산광역시북부교육지원청","부산광역시 북구","S020001280","신천초등학교","02","공립","N","","1","12","12","1","24","24","1","20","20","2","27","13.5","2","24","12","2","21","10.5","2","8","4","0","0","0","11","136","12.4","15","9.1"
"부산광역시교육청","부산광역시북부교육지원청","부산광역시 강서구","S020001281","신호초등학교","02","공립","N","","2","41","20.5","2","45","22.5","3","53","17.7","4","69","17.3","3","66","22","4","82","20.5","1","4","4","0","0","0","19","360","18.9","24","15"
"부산광역시교육청","부산광역시북부교육지원청","부산광역시 북구","S020001282","양덕초등학교","02","공립","N","","1","11","11","1","12","12","2","27","13.5","1","18","18","1","18","18","2","30","15","1","4","4","0","0","0","9","120","13.3","11","10.9"
"부산광역시교육청","부산광역시북부교육지원청","부산광역시 북구","S020001283","양천초등학교","02","공립","N","","1","11","11","1","9","9","1","11","11","1","11","11","1","18","18","2","22","11","2","8","4","0","0","0","9","90","10","11","8.2"
"부산광역시교육청","부산광역시북부교육지원청","부산광역시 사상구","S020001284","엄궁초등학교","02","공립","N","","3","48","16","3","57","19","4","72","18","4","87","21.8","5","105","21","5","102","20.4","2","12","6","0","0","0","26","483","18.6","35","13.8"
"부산광역시교육청","부산광역시북부교육지원청","부산광역시 북구","S020001285","와석초등학교","02","공립","N","","3","50","16.7","3","51","17","5","81","16.2","4","81","20.3","4","83","20.8","4","79","19.8","1","7","7","0","0","0","24","432","18","29","14.9"
"부산광역시교육청","부산광역시북부교육지원청","부산광역시 북구","S020001286","용수초등학교","02","공립","N","","4","78","19.5","4","79","19.8","5","103","20.6","6","130","21.7","6","130","21.7","6","138","23","2","12","6","0","0","0","33","670","20.3","41","16.3"
"부산광역시교육청","부산광역시북부교육지원청","부산광역시 사상구","S020001287","주감초등학교","02","공립","N","","4","93","23.3","5","105","21","4","81","20.3","5","105","21","5","101","20.2","4","104","26","2","12","6","0","0","0","29","601","20.7","36","16.7"
"부산광역시교육청","부산광역시북부교육지원청","부산광역시 사상구","S020001288","주학초등학교","02","공립","N","","1","2","2","1","4","4","1","7","7","1","6","6","1","6","6","1","6","6","1","2","2","0","0","0","7","33","4.7","9","3.7"
"부산광역시교육청","부산광역시북부교육지원청","부산광역시 사상구","S020001289","창진초등학교","02","공립","N","","2","47","23.5","3","68","22.7","3","57","19","3","67","22.3","4","85","21.3","3","59","19.7","1","6","6","0","0","0","19","389","20.5","22","17.7"
"부산광역시교육청","부산광역시북부교육지원청","부산광역시 강서구","S020001290","천가초등학교","02","공립","N","","1","2","2","1","5","5","1","5","5","1","9","9","1","8","8","1","11","11","1","2","2","0","0","0","7","42","6","9","4.7"
"부산광역시교육청","부산광역시북부교육지원청","부산광역시 북구","S020001294","포천초등학교","02","공립","N","","2","24","12","2","46","23","2","42","21","3","50","16.7","4","79","19.8","3","62","20.7","2","8","4","0","0","0","18","311","17.3","21","14.8"
"부산광역시교육청","부산광역시북부교육지원청","부산광역시 사상구","S020001295","학장초등학교","02","공립","N","","1","23","23","2","33","16.5","2","25","12.5","2","37","18.5","2","28","14","2","33","16.5","1","3","3","0","0","0","12","182","15.2","14","13"
"부산광역시교육청","부산광역시북부교육지원청","부산광역시 사상구","S020001296","학진초등학교","02","공립","N","","2","38","19","2","38","19","3","67","22.3","3","65","21.7","4","77","19.3","4","69","17.3","2","11","5.5","0","0","0","20","365","18.3","25","14.6"
"부산광역시교육청","부산광역시북부교육지원청","부산광역시 북구","S020001297","화명초등학교","02","공립","N","","3","68","22.7","4","77","19.3","5","96","19.2","4","81","20.3","5","108","21.6","4","72","18","2","11","5.5","0","0","0","27","513","19","32","16"
"부산광역시교육청","부산광역시서부교육지원청","부산광역시 사하구","S020001447","감천초등학교","02","공립","N","","1","6","6","1","15","15","1","8","8","1","20","20","1","20","20","1","13","13","1","3","3","0","0","0","7","85","12.1","9","9.4"
"부산광역시교육청","부산광역시서부교육지원청","부산광역시 사하구","S020001448","괴정초등학교","02","공립","N","","2","47","23.5","3","67","22.3","4","75","18.8","5","104","20.8","4","68","17","4","91","22.8","2","12","6","0","0","0","24","464","19.3","29","16"
"부산광역시교육청","부산광역시서부교육지원청","부산광역시 서구","S020001449","구덕초등학교","02","공립","N","","2","36","18","2","47","23.5","3","59","19.7","3","57","19","4","89","22.3","4","79","19.8","1","4","4","0","0","0","19","371","19.5","23","16.1"
"부산광역시교육청","부산광역시서부교육지원청","부산광역시 사하구","S020001450","구평초등학교","02","공립","N","","4","84","21","5","99","19.8","5","122","24.4","6","129","21.5","5","101","20.2","4","95","23.8","1","6","6","0","0","0","30","636","21.2","36","17.7"
"부산광역시교육청","부산광역시서부교육지원청","부산광역시 사하구","S020001451","낙동초등학교","02","공립","N","","4","68","17","4","85","21.3","6","120","20","6","138","23","7","168","24","7","153","21.9","2","9","4.5","0","0","0","36","741","20.6","44","16.8"
"부산광역시교육청","부산광역시서부교육지원청","부산광역시 서구","S020001452","남부민초등학교","02","공립","N","","1","13","13","1","11","11","1","8","8","1","11","11","1","14","14","1","16","16","1","3","3","0","0","0","7","76","10.9","9","8.4"
"부산광역시교육청","부산광역시서부교육지원청","부산광역시 영도구","S020001453","남항초등학교","02","공립","N","","2","27","13.5","1","17","17","2","26","13","1","19","19","2","33","16.5","2","39","19.5","1","5","5","0","0","0","11","166","15.1","13","12.8"
"부산광역시교육청","부산광역시서부교육지원청","부산광역시 사하구","S020001454","다대초등학교","02","공립","N","","3","62","20.7","4","88","22","5","102","20.4","5","108","21.6","5","96","19.2","5","102","20.4","3","13","4.3","0","0","0","30","571","19","35","16.3"
"부산광역시교육청","부산광역시서부교육지원청","부산광역시 사하구","S020001455","다선초등학교","02","공립","N","","3","61","20.3","3","60","20","4","70","17.5","4","79","19.8","4","100","25","4","77","19.3","2","9","4.5","0","0","0","24","456","19","28","16.3"
"부산광역시교육청","부산광역시서부교육지원청","부산광역시 사하구","S020001456","다송초등학교","02","공립","N","","1","8","8","1","12","12","1","9","9","1","19","19","2","19","9.5","2","26","13","1","5","5","0","0","0","9","98","10.9","12","8.2"
"부산광역시교육청","부산광역시서부교육지원청","부산광역시 사하구","S020001457","당리초등학교","02","공립","N","","1","4","4","1","22","22","1","23","23","1","10","10","2","30","15","1","21","21","2","6","3","0","0","0","9","116","12.9","11","10.5"
"부산광역시교육청","부산광역시서부교육지원청","부산광역시 영도구","S020001458","대교초등학교","02","공립","N","","3","51","17","3","62","20.7","3","55","18.3","4","74","18.5","3","63","21","2","42","21","1","6","6","0","0","0","19","353","18.6","22","16"
"부산광역시교육청","부산광역시서부교육지원청","부산광역시 서구","S020001459","대신초등학교","02","공립","N","","5","98","19.6","5","115","23","4","94","23.5","6","150","25","5","119","23.8","5","130","26","1","6","6","0","0","0","31","712","23","41","17.4"
"부산광역시교육청","부산광역시서부교육지원청","부산광역시 영도구","S020001460","대평초등학교","02","공립","N","","1","13","13","1","21","21","1","19","19","2","43","21.5","2","40","20","2","37","18.5","1","7","7","0","0","0","10","180","18","12","15"
"부산광역시교육청","부산광역시서부교육지원청","부산광역시 영도구","S020001461","동삼초등학교","02","공립","N","","3","70","23.3","3","65","21.7","3","70","23.3","3","71","23.7","3","75","25","3","74","24.7","1","5","5","0","0","0","19","430","22.6","22","19.5"
"부산광역시교육청","부산광역시서부교육지원청","부산광역시 서구","S020001462","동신초등학교","02","공립","N","","1","14","14","2","28","14","2","34","17","2","51","25.5","2","42","21","3","65","21.7","1","5","5","0","0","0","13","239","18.4","15","15.9"
"부산광역시교육청","부산광역시서부교육지원청","부산광역시 영도구","S020001464","봉학초등학교","02","공립","N","","1","13","13","1","13","13","2","30","15","2","25","12.5","1","21","21","1","20","20","1","2","2","0","0","0","9","124","13.8","12","10.3"
"부산광역시교육청","부산광역시서부교육지원청","부산광역시 서구","S020001465","부민초등학교","02","공립","N","","4","84","21","3","78","26","4","85","21.3","4","82","20.5","5","115","23","5","104","20.8","2","5","2.5","0","0","0","27","553","20.5","33","16.8"
"부산광역시교육청","부산광역시서부교육지원청","부산광역시 사하구","S020001466","사남초등학교","02","공립","N","","3","64","21.3","3","61","20.3","3","72","24","3","62","20.7","3","69","23","2","41","20.5","1","8","8","0","0","0","18","377","20.9","22","17.1"
"부산광역시교육청","부산광역시서부교육지원청","부산광역시 사하구","S020001467","사동초등학교","02","공립","N","","1","11","11","1","8","8","1","18","18","2","19","9.5","2","48","24","2","32","16","1","7","7","0","0","0","10","143","14.3","12","11.9"
"부산광역시교육청","부산광역시서부교육지원청","부산광역시 사하구","S020001468","사하초등학교","02","공립","N","","4","67","16.8","6","129","21.5","5","107","21.4","6","146","24.3","7","166","23.7","7","162","23.1","1","6","6","0","0","0","36","783","21.8","43","18.2"
"부산광역시교육청","부산광역시서부교육지원청","부산광역시 영도구","S020001469","상리초등학교","02","공립","N","","1","11","11","1","13","13","1","12","12","1","12","12","1","23","23","1","24","24","1","3","3","0","0","0","7","98","14","9","10.9"
"부산광역시교육청","부산광역시서부교육지원청","부산광역시 사하구","S020001470","서천초등학교","02","공립","N","","1","23","23","1","13","13","1","18","18","1","15","15","1","16","16","2","29","14.5","1","2","2","0","0","0","8","116","14.5","10","11.6"
"부산광역시교육청","부산광역시서부교육지원청","부산광역시 서구","S020001471","송도초등학교","02","공립","N","","4","77","19.3","4","72","18","4","77","19.3","5","92","18.4","4","83","20.8","4","90","22.5","2","11","5.5","0","0","0","27","502","18.6","31","16.2"
"부산광역시교육청","부산광역시서부교육지원청","부산광역시 사하구","S020001472","승학초등학교","02","공립","N","","2","25","12.5","1","14","14","1","18","18","2","37","18.5","2","40","20","3","49","16.3","1","6","6","0","0","0","12","189","15.8","15","12.6"
"부산광역시교육청","부산광역시서부교육지원청","부산광역시 사하구","S020001473","신남초등학교","02","공립","N","","3","58","19.3","3","44","14.7","3","64","21.3","3","57","19","3","68","22.7","4","89","22.3","2","7","3.5","0","0","0","21","387","18.4","24","16.1"
"부산광역시교육청","부산광역시서부교육지원청","부산광역시 사하구","S020001475","신촌초등학교","02","공립","N","","1","6","6","1","3","3","1","8","8","1","12","12","1","12","12","1","12","12","2","5","2.5","0","0","0","8","58","7.3","10","5.8"
"부산광역시교육청","부산광역시서부교육지원청","부산광역시 사하구","S020001476","신평초등학교","02","공립","N","","4","78","19.5","4","82","20.5","3","76","25.3","4","83","20.8","4","94","23.5","4","74","18.5","1","6","6","0","0","0","24","493","20.5","28","17.6"
"부산광역시교육청","부산광역시서부교육지원청","부산광역시 서구","S020001477","아미초등학교","02","공립","N","","0","0","0","1","4","4","1","5","5","1","2","2","1","4","4","1","6","6","1","3","3","0","0","0","6","24","4","8","3"
"부산광역시교육청","부산광역시서부교육지원청","부산광역시 영도구","S020001478","영도초등학교","02","공립","N","","1","18","18","1","21","21","2","39","19.5","2","33","16.5","2","33","16.5","2","40","20","2","8","4","0","0","0","12","192","16","14","13.7"
"부산광역시교육청","부산광역시서부교육지원청","부산광역시 사하구","S020001480","옥천초등학교","02","공립","N","","2","39","19.5","2","42","21","3","58","19.3","4","76","19","3","69","23","4","82","20.5","1","6","6","0","0","0","19","372","19.6","26","14.3"
"부산광역시교육청","부산광역시서부교육지원청","부산광역시 사하구","S020001481","응봉초등학교","02","공립","N","","1","10","10","1","8","8","1","16","16","1","16","16","1","21","21","2","23","11.5","1","6","6","0","0","0","8","100","12.5","10","10"
"부산광역시교육청","부산광역시서부교육지원청","부산광역시 사하구","S020001482","장림초등학교","02","공립","N","","3","58","19.3","3","52","17.3","4","68","17","4","73","18.3","5","100","20","4","86","21.5","2","11","5.5","0","0","0","25","448","17.9","29","15.4"
"부산광역시교육청","부산광역시서부교육지원청","부산광역시 영도구","S020001483","절영초등학교","02","공립","N","","1","5","5","1","8","8","1","2","2","1","10","10","1","11","11","1","9","9","1","5","5","0","0","0","7","50","7.1","9","5.6"
"부산광역시교육청","부산광역시서부교육지원청","부산광역시 영도구","S020001484","중리초등학교","02","공립","N","","2","47","23.5","3","62","20.7","3","59","19.7","4","80","20","4","92","23","5","101","20.2","2","12","6","0","0","0","23","453","19.7","27","16.8"
"부산광역시교육청","부산광역시서부교육지원청","부산광역시 사하구","S020001486","중현초등학교","02","공립","N","","2","24","12","2","37","18.5","2","38","19","3","50","16.7","3","59","19.7","3","52","17.3","1","3","3","0","0","0","16","263","16.4","20","13.2"
"부산광역시교육청","부산광역시서부교육지원청","부산광역시 서구","S020001487","천마초등학교","02","공립","N","","1","3","3","1","6","6","1","11","11","2","20","10","1","16","16","1","14","14","1","6","6","0","0","0","8","76","9.5","10","7.6"
"부산광역시교육청","부산광역시서부교육지원청","부산광역시 영도구","S020001488","청동초등학교","02","공립","N","","3","52","17.3","2","46","23","3","64","21.3","3","64","21.3","4","72","18","3","68","22.7","2","8","4","0","0","0","20","374","18.7","23","16.3"
"부산광역시교육청","부산광역시서부교육지원청","부산광역시 영도구","S020001489","청학초등학교","02","공립","N","","1","7","7","1","11","11","1","18","18","2","27","13.5","2","26","13","2","22","11","1","2","2","0","0","0","10","113","11.3","12","9.4"
"부산광역시교육청","부산광역시서부교육지원청","부산광역시 영도구","S020001491","태종대초등학교","02","공립","N","","1","22","22","1","18","18","1","11","11","1","16","16","1","6","6","1","22","22","1","4","4","0","0","0","7","99","14.1","10","9.9"
"부산광역시교육청","부산광역시서부교육지원청","부산광역시 서구","S020001492","토성초등학교","02","공립","N","","2","35","17.5","2","33","16.5","3","52","17.3","3","66","22","4","90","22.5","4","79","19.8","2","7","3.5","0","0","0","20","362","18.1","24","15.1"
"부산광역시교육청","부산광역시서부교육지원청","부산광역시 사하구","S020001493","하남초등학교","02","공립","N","","3","57","19","3","63","21","4","88","22","4","76","19","5","112","22.4","5","99","19.8","2","13","6.5","0","0","0","26","508","19.5","31","16.4"
"부산광역시교육청","부산광역시서부교육지원청","부산광역시 사하구","S020001494","하단초등학교","02","공립","N","","1","16","16","2","28","14","2","32","16","2","43","21.5","3","50","16.7","2","44","22","2","7","3.5","0","0","0","14","220","15.7","16","13.8"
"부산광역시교육청","부산광역시서부교육지원청","부산광역시 서구","S020001495","화랑초등학교","02","공립","N","","1","8","8","2","19","9.5","2","25","12.5","2","34","17","2","34","17","1","26","26","1","5","5","0","0","0","11","151","13.7","13","11.6"
"부산광역시교육청","부산광역시서부교육지원청","부산광역시 사하구","S020001496","효림초등학교","02","공립","N","","3","51","17","3","55","18.3","4","70","17.5","4","85","21.3","4","83","20.8","5","100","20","2","11","5.5","0","0","0","25","455","18.2","30","15.2"
"부산광역시교육청","부산광역시해운대교육지원청","부산광역시 해운대구","S020001645","강동초등학교","02","공립","N","","5","109","21.8","5","115","23","5","118","23.6","5","114","22.8","6","150","25","6","131","21.8","1","6","6","0","0","0","33","743","22.5","40","18.6"
"부산광역시교육청","부산광역시해운대교육지원청","부산광역시 수영구","S020001646","광남초등학교","02","공립","N","","4","78","19.5","3","59","19.7","5","99","19.8","4","78","19.5","6","119","19.8","5","106","21.2","1","5","5","0","0","0","28","544","19.4","33","16.5"
"부산광역시교육청","부산광역시해운대교육지원청","부산광역시 수영구","S020001647","광안초등학교","02","공립","N","","4","85","21.3","3","71","23.7","4","95","23.8","5","109","21.8","5","122","24.4","5","115","23","2","13","6.5","0","0","0","28","610","21.8","34","17.9"
"부산광역시교육청","부산광역시해운대교육지원청","부산광역시 기장군","S020001648","교리초등학교","02","공립","N","","3","51","17","3","68","22.7","4","80","20","4","87","21.8","4","86","21.5","5","107","21.4","1","4","4","0","0","0","24","483","20.1","28","17.3"
"부산광역시교육청","부산광역시해운대교육지원청","부산광역시 기장군","S020001649","기장초등학교","02","공립","N","","3","52","17.3","3","63","21","3","63","21","4","79","19.8","4","87","21.8","4","75","18.8","1","4","4","0","0","0","22","423","19.2","26","16.3"
"부산광역시교육청","부산광역시해운대교육지원청","부산광역시 수영구","S020001650","남천초등학교","02","공립","N","","6","156","26","6","136","22.7","7","154","22","6","161","26.8","7","175","25","7","161","23","2","11","5.5","0","0","0","41","954","23.3","49","19.5"
"부산광역시교육청","부산광역시해운대교육지원청","부산광역시 기장군","S020001651","용암초등학교","02","공립","N","","1","8","8","1","5","5","1","16","16","1","11","11","1","6","6","1","10","10","1","6","6","0","0","0","7","62","8.9","8","7.8"
"부산광역시교육청","부산광역시해운대교육지원청","부산광역시 기장군","S020001652","대청초등학교","02","공립","N","","3","68","22.7","3","80","26.7","4","67","16.8","3","75","25","4","76","19","4","81","20.3","1","7","7","0","0","0","22","454","20.6","26","17.5"
"부산광역시교육청","부산광역시해운대교육지원청","부산광역시 해운대구","S020001653","동백초등학교","02","공립","N","","4","87","21.8","4","92","23","4","92","23","5","124","24.8","5","109","21.8","6","131","21.8","1","5","5","0","0","0","29","640","22.1","35","18.3"
"부산광역시교육청","부산광역시해운대교육지원청","부산광역시 수영구","S020001654","망미초등학교","02","공립","N","","3","49","16.3","3","55","18.3","2","45","22.5","3","56","18.7","4","76","19","4","73","18.3","1","7","7","0","0","0","20","361","18.1","23","15.7"
"부산광역시교육청","부산광역시해운대교육지원청","부산광역시 수영구","S020001655","민락초등학교","02","공립","N","","3","65","21.7","4","84","21","5","96","19.2","5","102","20.4","5","102","20.4","5","113","22.6","1","7","7","0","0","0","28","569","20.3","33","17.2"
"부산광역시교육청","부산광역시해운대교육지원청","부산광역시 수영구","S020001656","민안초등학교","02","공립","N","","2","48","24","3","68","22.7","3","57","19","3","67","22.3","4","73","18.3","3","56","18.7","2","7","3.5","0","0","0","20","376","18.8","23","16.3"
"부산광역시교육청","부산광역시해운대교육지원청","부산광역시 해운대구","S020001657","반산초등학교","02","공립","N","","1","21","21","2","23","11.5","2","36","18","3","49","16.3","4","52","13","3","52","17.3","2","11","5.5","0","0","0","17","244","14.4","20","12.2"
"부산광역시교육청","부산광역시해운대교육지원청","부산광역시 해운대구","S020001658","반석초등학교","02","공립","N","","1","4","4","1","7","7","1","10","10","1","9","9","1","8","8","1","9","9","1","4","4","0","0","0","7","51","7.3","9","5.7"
"부산광역시교육청","부산광역시해운대교육지원청","부산광역시 해운대구","S020001659","반송초등학교","02","공립","N","","1","11","11","1","8","8","1","10","10","1","10","10","2","25","12.5","2","26","13","1","4","4","0","0","0","9","94","10.4","8","11.8"
"부산광역시교육청","부산광역시해운대교육지원청","부산광역시 해운대구","S020001660","반안초등학교","02","공립","N","","3","51","17","3","62","20.7","4","84","21","3","67","22.3","5","95","19","4","92","23","1","6","6","0","0","0","23","457","19.9","28","16.3"
"부산광역시교육청","부산광역시해운대교육지원청","부산광역시 해운대구","S020001661","반여초등학교","02","공립","N","","1","18","18","1","10","10","2","24","12","2","22","11","2","27","13.5","2","34","17","2","13","6.5","0","0","0","12","148","12.3","14","10.6"
"부산광역시교육청","부산광역시해운대교육지원청","부산광역시 수영구","S020001662","배산초등학교","02","공립","N","","3","49","16.3","4","76","19","3","65","21.7","4","85","21.3","4","96","24","4","92","23","2","9","4.5","0","0","0","24","472","19.7","28","16.9"
"부산광역시교육청","부산광역시해운대교육지원청","부산광역시 해운대구","S020001663","부흥초등학교","02","공립","N","","4","83","20.8","4","86","21.5","4","101","25.3","5","129","25.8","6","143","23.8","6","154","25.7","1","6","6","0","0","0","30","702","23.4","35","20.1"
"부산광역시교육청","부산광역시해운대교육지원청","부산광역시 해운대구","S020001664","상당초등학교","02","공립","N","","4","102","25.5","4","101","25.3","4","103","25.8","5","117","23.4","6","157","26.2","6","133","22.2","1","8","8","0","0","0","30","721","24","38","19"
"부산광역시교육청","부산광역시해운대교육지원청","부산광역시 해운대구","S020001665","송운초등학교","02","공립","N","","2","34","17","2","35","17.5","3","47","15.7","3","55","18.3","3","50","16.7","2","49","24.5","2","8","4","0","0","0","17","278","16.4","20","13.9"
"부산광역시교육청","부산광역시해운대교육지원청","부산광역시 해운대구","S020001666","송정초등학교","02","공립","N","","1","15","15","2","29","14.5","1","18","18","2","33","16.5","2","39","19.5","2","44","22","2","7","3.5","0","0","0","12","185","15.4","15","12.3"
"부산광역시교육청","부산광역시해운대교육지원청","부산광역시 수영구","S020001667","수미초등학교","02","공립","N","","2","42","21","2","30","15","2","45","22.5","4","81","20.3","4","76","19","3","73","24.3","2","10","5","0","0","0","19","357","18.8","23","15.5"
"부산광역시교육청","부산광역시해운대교육지원청","부산광역시 수영구","S020001668","수영초등학교","02","공립","N","","3","64","21.3","3","67","22.3","4","83","20.8","5","123","24.6","5","123","24.6","6","129","21.5","2","12","6","0","0","0","28","601","21.5","35","17.2"
"부산광역시교육청","부산광역시해운대교육지원청","부산광역시 해운대구","S020001669","신곡초등학교","02","공립","N","","3","59","19.7","3","50","16.7","3","57","19","4","92","23","4","89","22.3","4","102","25.5","1","6","6","0","0","0","22","455","20.7","26","17.5"
"부산광역시교육청","부산광역시해운대교육지원청","부산광역시 해운대구","S020001670","신도초등학교","02","공립","N","","3","58","19.3","4","80","20","4","83","20.8","4","96","24","5","106","21.2","4","81","20.3","1","7","7","0","0","0","25","511","20.4","31","16.5"
"부산광역시교육청","부산광역시해운대교육지원청","부산광역시 해운대구","S020001671","신재초등학교","02","공립","N","","2","40","20","2","37","18.5","3","47","15.7","3","46","15.3","3","64","21.3","2","42","21","1","4","4","0","0","0","16","280","17.5","19","14.7"
"부산광역시교육청","부산광역시해운대교육지원청","부산광역시 기장군","S020001672","신진초등학교","02","공립","N","","1","8","8","1","14","14","1","19","19","2","24","12","2","24","12","2","29","14.5","1","4","4","0","0","0","10","122","12.2","12","10.2"
"부산광역시교육청","부산광역시해운대교육지원청","부산광역시 해운대구","S020001673","양운초등학교","02","공립","N","","2","25","12.5","2","37","18.5","2","35","17.5","3","61","20.3","3","61","20.3","3","60","20","1","5","5","0","0","0","16","284","17.8","19","14.9"
"부산광역시교육청","부산광역시해운대교육지원청","부산광역시 해운대구","S020001674","운봉초등학교","02","공립","N","","1","7","7","1","12","12","1","6","6","1","15","15","1","19","19","2","24","12","2","6","3","0","0","0","9","89","9.9","11","8.1"
"부산광역시교육청","부산광역시해운대교육지원청","부산광역시 해운대구","S020001675","운송초등학교","02","공립","N","","1","10","10","1","9","9","1","6","6","1","20","20","1","13","13","1","10","10","1","3","3","0","0","0","7","71","10.1","8","8.9"
"부산광역시교육청","부산광역시해운대교육지원청","부산광역시 기장군","S020001676","월내초등학교","02","공립","N","","2","26","13","1","16","16","1","20","20","2","21","10.5","2","28","14","2","21","10.5","1","3","3","0","0","0","11","135","12.3","13","10.4"
"부산광역시교육청","부산광역시해운대교육지원청","부산광역시 기장군","S020001677","월평초등학교","02","공립","N","","1","6","6","1","3","3","1","9","9","1","7","7","1","8","8","1","7","7","1","5","5","0","0","0","7","45","6.4","9","5"
"부산광역시교육청","부산광역시해운대교육지원청","부산광역시 해운대구","S020001680","장산초등학교","02","공립","N","","3","61","20.3","4","90","22.5","4","93","23.3","4","93","23.3","6","132","22","6","138","23","1","7","7","0","0","0","28","614","21.9","33","18.6"
"부산광역시교육청","부산광역시해운대교육지원청","부산광역시 기장군","S020001681","장안초등학교","02","공립","N","","1","14","14","1","4","4","1","11","11","1","12","12","1","8","8","1","10","10","0","0","0","0","0","0","6","59","9.8","7","8.4"
"부산광역시교육청","부산광역시해운대교육지원청","부산광역시 해운대구","S020001682","재송초등학교","02","공립","N","","2","36","18","2","33","16.5","3","43","14.3","3","52","17.3","3","58","19.3","3","73","24.3","2","11","5.5","0","0","0","18","306","17","21","14.6"
"부산광역시교육청","부산광역시해운대교육지원청","부산광역시 기장군","S020001683","정관초등학교","02","공립","N","","5","115","23","7","158","22.6","7","171","24.4","9","233","25.9","9","215","23.9","10","240","24","1","8","8","0","0","0","48","1140","23.8","57","20"
"부산광역시교육청","부산광역시해운대교육지원청","부산광역시 해운대구","S020001684","좌동초등학교","02","공립","N","","2","48","24","2","38","19","3","53","17.7","3","66","22","3","63","21","4","80","20","1","5","5","0","0","0","18","353","19.6","21","16.8"
"부산광역시교육청","부산광역시해운대교육지원청","부산광역시 해운대구","S020001685","좌산초등학교","02","공립","N","","3","53","17.7","3","71","23.7","3","65","21.7","3","79","26.3","4","86","21.5","3","66","22","2","11","5.5","0","0","0","21","431","20.5","24","18"
"부산광역시교육청","부산광역시해운대교육지원청","부산광역시 기장군","S020001686","좌천초등학교","02","공립","N","","1","4","4","1","0","0","1","3","3","1","8","8","1","6","6","1","9","9","1","4","4","0","0","0","7","34","4.9","8","4.3"
"부산광역시교육청","부산광역시해운대교육지원청","부산광역시 기장군","S020001687","죽성초등학교","02","공립","N","","1","9","9","1","9","9","1","12","12","1","13","13","1","9","9","1","16","16","1","5","5","0","0","0","7","73","10.4","9","8.1"
"부산광역시교육청","부산광역시해운대교육지원청","부산광역시 기장군","S020001688","철마초등학교","02","공립","N","","1","15","15","1","10","10","1","13","13","1","15","15","1","13","13","1","15","15","0","0","0","0","0","0","6","81","13.5","7","11.6"
"부산광역시교육청","부산광역시해운대교육지원청","부산광역시 기장군","S020001689","칠암초등학교","02","공립","N","","1","7","7","1","6","6","1","8","8","1","9","9","1","9","9","1","10","10","1","4","4","0","0","0","7","53","7.6","8","6.6"
"부산광역시교육청","부산광역시해운대교육지원청","부산광역시 해운대구","S020001690","해강초등학교","02","공립","N","","5","96","19.2","4","103","25.8","5","123","24.6","5","134","26.8","6","158","26.3","6","132","22","1","6","6","0","0","0","32","752","23.5","39","19.3"
"부산광역시교육청","부산광역시해운대교육지원청","부산광역시 해운대구","S020001691","해동초등학교","02","공립","N","","2","22","11","2","33","16.5","2","27","13.5","3","56","18.7","3","64","21.3","3","72","24","1","7","7","0","0","0","16","281","17.6","19","14.8"
"부산광역시교육청","부산광역시해운대교육지원청","부산광역시 해운대구","S020001692","해림초등학교","02","공립","N","","5","117","23.4","5","127","25.4","6","135","22.5","7","178","25.4","7","161","23","6","155","25.8","1","6","6","0","0","0","37","879","23.8","46","19.1"
"부산광역시교육청","부산광역시해운대교육지원청","부산광역시 해운대구","S020001693","해송초등학교","02","공립","N","","3","73","24.3","3","68","22.7","4","93","23.3","5","91","18.2","5","119","23.8","5","117","23.4","1","5","5","0","0","0","26","566","21.8","31","18.3"
"부산광역시교육청","부산광역시해운대교육지원청","부산광역시 해운대구","S020001694","해운대초등학교","02","공립","N","","7","174","24.9","9","209","23.2","8","175","21.9","8","190","23.8","8","206","25.8","8","209","26.1","1","7","7","0","0","0","49","1170","23.9","58","20.2"
"부산광역시교육청","부산광역시해운대교육지원청","부산광역시 수영구","S020001695","호암초등학교","02","공립","N","","4","68","17","3","64","21.3","4","76","19","4","83","20.8","4","89","22.3","4","85","21.3","1","7","7","0","0","0","24","472","19.7","29","16.3"
"부산광역시교육청","부산광역시동래교육지원청","부산광역시 동래구","S020001814","충렬초등학교","02","공립","N","","1","10","10","1","7","7","1","11","11","1","16","16","1","17","17","1","21","21","1","3","3","0","0","0","7","85","12.1","9","9.4"
"부산광역시교육청","부산광역시북부교육지원청","부산광역시 북구","S020001826","금명초등학교","02","공립","N","","2","37","18.5","3","61","20.3","3","56","18.7","3","69","23","4","88","22","4","89","22.3","1","6","6","0","0","0","20","406","20.3","27","15"
"부산광역시교육청","부산광역시북부교육지원청","부산광역시 북구","S020001840","명진초등학교","02","공립","N","","3","59","19.7","3","75","25","4","88","22","4","92","23","5","107","21.4","5","115","23","1","2","2","0","0","0","25","538","21.5","31","17.4"
"부산광역시교육청","부산광역시북부교육지원청","부산광역시 북구","S020001841","학사초등학교","02","공립","N","","3","52","17.3","2","41","20.5","4","77","19.3","3","62","20.7","3","64","21.3","4","80","20","1","4","4","0","0","0","20","380","19","24","15.8"
"부산광역시교육청","부산광역시북부교육지원청","부산광역시 북구","S020001842","화잠초등학교","02","공립","N","","2","38","19","2","40","20","3","68","22.7","3","72","24","4","76","19","3","73","24.3","1","7","7","0","0","0","18","374","20.8","21","17.8"
"부산광역시교육청","부산광역시해운대교육지원청","부산광역시 해운대구","S020001843","인지초등학교","02","공립","N","","3","66","22","3","66","22","3","61","20.3","4","87","21.8","4","88","22","4","86","21.5","1","6","6","0","0","0","22","460","20.9","26","17.7"
"부산광역시교육청","부산광역시남부교육지원청","부산광역시 남구","S020001867","용문초등학교","02","공립","N","","5","97","19.4","5","113","22.6","5","120","24","6","148","24.7","8","171","21.4","7","150","21.4","0","0","0","0","0","0","36","799","22.2","43","18.6"
"부산광역시교육청","부산광역시서부교육지원청","부산광역시 사하구","S020001870","을숙도초등학교","02","공립","N","","3","58","19.3","3","60","20","3","72","24","4","81","20.3","5","98","19.6","5","102","20.4","2","9","4.5","0","0","0","25","480","19.2","28","17.1"
"부산광역시교육청","부산광역시동래교육지원청","부산광역시 금정구","S020001872","금샘초등학교","02","공립","N","","1","11","11","1","18","18","1","19","19","2","26","13","2","30","15","1","20","20","2","9","4.5","0","0","0","10","133","13.3","12","11.1"
"부산광역시교육청","부산광역시북부교육지원청","부산광역시 북구","S020001873","신덕초등학교","02","공립","N","","1","14","14","1","20","20","2","28","14","2","41","20.5","3","42","14","2","40","20","2","7","3.5","0","0","0","13","192","14.8","15","12.8"
"부산광역시교육청","부산광역시북부교육지원청","부산광역시 북구","S020001874","상학초등학교","02","공립","N","","3","52","17.3","3","47","15.7","2","39","19.5","2","41","20.5","2","48","24","2","41","20.5","1","6","6","0","0","0","15","274","18.3","17","16.1"
"부산광역시교육청","부산광역시남부교육지원청","부산광역시 부산진구","S020001890","동양초등학교","02","공립","N","","1","16","16","1","18","18","2","31","15.5","2","28","14","2","36","18","2","31","15.5","1","4","4","0","0","0","11","164","14.9","12","13.7"
"부산광역시교육청","부산광역시서부교육지원청","부산광역시 사하구","S020001891","보림초등학교","02","공립","N","","5","98","19.6","4","90","22.5","5","101","20.2","5","97","19.4","5","100","20","5","104","20.8","3","18","6","0","0","0","32","608","19","40","15.2"
"부산광역시교육청","부산광역시해운대교육지원청","부산광역시 해운대구","S020001892","무정초등학교","02","공립","N","","4","73","18.3","5","102","20.4","4","81","20.3","4","90","22.5","3","69","23","4","86","21.5","1","7","7","0","0","0","25","508","20.3","29","17.5"
"부산광역시교육청","부산광역시동래교육지원청","부산광역시 금정구","S020001902","두실초등학교","02","공립","N","","4","88","22","4","90","22.5","5","128","25.6","5","130","26","5","127","25.4","6","126","21","1","5","5","0","0","0","30","694","23.1","36","19.3"
"부산광역시교육청","부산광역시동래교육지원청","부산광역시 동래구","S020001903","안진초등학교","02","공립","N","","2","46","23","3","58","19.3","2","50","25","3","61","20.3","4","81","20.3","3","79","26.3","1","6","6","0","0","0","18","381","21.2","21","18.1"
"부산광역시교육청","부산광역시해운대교육지원청","부산광역시 해운대구","S020001904","삼어초등학교","02","공립","N","","2","30","15","2","26","13","2","36","18","2","41","20.5","3","51","17","3","54","18","1","3","3","0","0","0","15","241","16.1","18","13.4"
"부산광역시교육청","부산광역시해운대교육지원청","부산광역시 해운대구","S020001905","센텀초등학교","02","공립","N","","6","154","25.7","8","204","25.5","8","216","27","9","245","27.2","11","277","25.2","12","306","25.5","1","3","3","0","0","0","55","1405","25.5","67","21"
"부산광역시교육청","부산광역시해운대교육지원청","부산광역시 해운대구","S020001906","송수초등학교","02","공립","N","","4","97","24.3","5","114","22.8","5","110","22","6","125","20.8","6","141","23.5","7","169","24.1","2","10","5","0","0","0","35","766","21.9","44","17.4"
"부산광역시교육청","부산광역시북부교육지원청","부산광역시 사상구","S020001912","주양초등학교","02","공립","N","","2","28","14","2","38","19","2","37","18.5","3","48","16","3","51","17","3","46","15.3","1","6","6","0","0","0","16","254","15.9","19","13.4"
"부산광역시교육청","부산광역시동래교육지원청","부산광역시 동래구","S020001917","예원초등학교","02","공립","N","","5","120","24","5","124","24.8","5","120","24","6","168","28","7","180","25.7","7","174","24.9","1","5","5","0","0","0","36","891","24.8","44","20.3"
"부산광역시교육청","부산광역시서부교육지원청","부산광역시 사하구","S020001997","몰운대초등학교","02","공립","N","","3","69","23","4","95","23.8","5","105","21","5","108","21.6","7","157","22.4","6","137","22.8","2","11","5.5","0","0","0","32","682","21.3","38","17.9"
"부산광역시교육청","부산광역시남부교육지원청","부산광역시 남구","S020002001","오륙도초등학교","02","공립","N","","3","62","20.7","3","61","20.3","3","70","23.3","4","86","21.5","4","87","21.8","4","81","20.3","0","0","0","0","0","0","21","447","21.3","27","16.6"
"부산광역시교육청","부산광역시해운대교육지원청","부산광역시 기장군","S020002003","내리초등학교","02","공립","N","","1","17","17","1","14","14","1","19","19","2","25","12.5","1","19","19","2","24","12","1","1","1","0","0","0","9","119","13.2","11","10.8"
"부산광역시교육청","부산광역시북부교육지원청","부산광역시 강서구","S020002006","명호초등학교","02","공립","N","","7","156","22.3","7","161","23","7","178","25.4","9","234","26","10","261","26.1","11","263","23.9","2","10","5","0","0","0","53","1263","23.8","62","20.4"
"부산광역시교육청","부산광역시해운대교육지원청","부산광역시 기장군","S020002010","신정초등학교","02","공립","N","","3","58","19.3","4","75","18.8","4","84","21","5","107","21.4","6","138","23","5","128","25.6","2","13","6.5","0","0","0","29","603","20.8","36","16.8"
"부산광역시교육청","부산광역시해운대교육지원청","부산광역시 기장군","S020002016","달산초등학교","02","공립","N","","2","44","22","3","57","19","4","80","20","5","101","20.2","5","96","19.2","4","102","25.5","1","6","6","0","0","0","24","486","20.3","29","16.8"
"부산광역시교육청","부산광역시북부교육지원청","부산광역시 강서구","S020002041","남명초등학교","02","공립","N","","4","83","20.8","5","108","21.6","5","101","20.2","5","120","24","6","158","26.3","6","136","22.7","1","7","7","0","0","0","32","713","22.3","40","17.8"
"부산광역시교육청","부산광역시남부교육지원청","부산광역시 남구","S020002045","용소초등학교","02","공립","N","","5","114","22.8","6","143","23.8","6","157","26.2","8","193","24.1","8","182","22.8","9","213","23.7","1","7","7","0","0","0","43","1009","23.5","53","19"
"부산광역시교육청","부산광역시해운대교육지원청","부산광역시 기장군","S020002053","방곡초등학교","02","공립","N","","5","97","19.4","5","109","21.8","6","135","22.5","7","150","21.4","8","190","23.8","9","190","21.1","1","8","8","0","0","0","41","879","21.4","50","17.6"
"부산광역시교육청","부산광역시북부교육지원청","부산광역시 강서구","S020002054","녹산초등학교","02","공립","N","","7","128","18.3","7","143","20.4","7","142","20.3","8","171","21.4","8","171","21.4","8","170","21.3","2","7","3.5","0","0","0","47","932","19.8","57","16.4"
"부산광역시교육청","부산광역시해운대교육지원청","부산광역시 해운대구","S020002055","해원초등학교","02","공립","N","","7","148","21.1","7","160","22.9","7","157","22.4","7","190","27.1","8","207","25.9","7","177","25.3","1","9","9","0","0","0","44","1048","23.8","56","18.7"
"부산광역시교육청","부산광역시동래교육지원청","부산광역시 동래구","S020002066","온샘초등학교","02","공립","N","","10","233","23.3","9","235","26.1","9","246","27.3","10","251","25.1","9","231","25.7","8","202","25.3","2","13","6.5","0","0","0","57","1411","24.8","67","21.1"
"부산광역시교육청","부산광역시해운대교육지원청","부산광역시 기장군","S020002071","정원초등학교","02","공립","N","","5","97","19.4","5","113","22.6","6","124","20.7","7","164","23.4","8","189","23.6","8","191","23.9","2","13","6.5","0","0","0","41","891","21.7","51","17.5"
"부산광역시교육청","부산광역시서부교육지원청","부산광역시 서구","S020002091","부산알로이시오초등학교","02","사립","N","","1","2","2","0","0","0","1","8","8","1","9","9","1","8","8","1","5","5","1","3","3","0","0","0","6","35","5.8","8","4.4"
"부산광역시교육청","부산광역시동래교육지원청","부산광역시 금정구","S020002149","금빛초등학교","02","공립","N","","4","77","19.3","4","97","24.3","5","116","23.2","5","106","21.2","6","131","21.8","5","111","22.2","2","14","7","0","0","0","31","652","21","38","17.2"
"부산광역시교육청","부산광역시북부교육지원청","부산광역시 북구","S020002177","화정초등학교","02","공립","N","","4","85","21.3","5","107","21.4","4","84","21","6","132","22","5","124","24.8","6","127","21.2","1","6","6","0","0","0","31","665","21.5","37","18"
"부산광역시교육청","부산광역시해운대교육지원청","부산광역시 기장군","S020002182","모전초등학교","02","공립","N","","6","136","22.7","7","167","23.9","8","199","24.9","11","264","24","11","262","23.8","12","292","24.3","0","0","0","0","0","0","55","1320","24","66","20"
"부산광역시교육청","부산광역시해운대교육지원청","부산광역시 기장군","S020002198","가동초등학교","02","공립","N","","5","110","22","5","105","21","5","127","25.4","6","136","22.7","7","169","24.1","8","184","23","2","12","6","0","0","0","38","843","22.2","45","18.7"
"부산광역시교육청","부산광역시북부교육지원청","부산광역시 강서구","S020002202","송정초등학교","02","공립","N","","3","56","18.7","4","87","21.8","5","100","20","6","109","18.2","7","131","18.7","6","119","19.8","2","9","4.5","0","0","0","33","611","18.5","40","15.3"
"부산광역시교육청","부산광역시북부교육지원청","부산광역시 강서구","S020002213","오션초등학교","02","공립","N","","4","80","20","6","127","21.2","6","126","21","7","160","22.9","9","196","21.8","8","184","23","2","10","5","0","0","0","42","883","21","51","17.3"
"부산광역시교육청","부산광역시북부교육지원청","부산광역시 강서구","S020002232","신명초등학교","02","공립","N","","5","119","23.8","7","156","22.3","6","146","24.3","8","178","22.3","9","191","21.2","8","184","23","2","12","6","0","0","0","45","986","21.9","57","17.3"
"부산광역시교육청","부산광역시북부교육지원청","부산광역시 강서구","S020002257","명일초등학교","02","공립","N","","6","114","19","7","128","18.3","7","140","20","7","144","20.6","6","126","21","6","143","23.8","2","10","5","0","0","0","41","805","19.6","48","16.8"
"부산광역시교육청","부산광역시북부교육지원청","부산광역시 강서구","S020002276","명원초등학교","02","공립","N","","6","127","21.2","8","175","21.9","10","222","22.2","10","193","19.3","10","237","23.7","10","230","23","2","11","5.5","0","0","0","56","1195","21.3","67","17.8"
"부산광역시교육청","부산광역시해운대교육지원청","부산광역시 기장군","S020002277","일광초등학교","02","공립","N","","6","141","23.5","6","145","24.2","8","187","23.4","7","194","27.7","8","181","22.6","7","176","25.1","2","11","5.5","0","0","0","44","1035","23.5","55","18.8"
"부산광역시교육청","부산광역시해운대교육지원청","부산광역시 기장군","S020002312","해빛초등학교","02","공립","N","","8","186","23.3","8","179","22.4","6","163","27.2","8","203","25.4","7","191","27.3","7","178","25.4","2","12","6","0","0","0","46","1112","24.2","54","20.6"
"부산광역시교육청","부산광역시북부교육지원청","부산광역시 강서구","S020002353","대저중앙초등학교","02","공립","N","","10","250","25","9","226","25.1","8","201","25.1","7","191","27.3","7","184","26.3","6","147","24.5","1","6","6","0","0","0","48","1205","25.1","55","21.9"
"부산광역시교육청","부산광역시북부교육지원청","부산광역시 강서구","S020002361","명문초등학교","02","공립","N","","8","173","21.6","8","199","24.9","10","225","22.5","9","219","24.3","8","193","24.1","6","156","26","2","9","4.5","0","0","0","51","1174","23","59","19.9"
"부산광역시교육청","부산광역시북부교육지원청","부산광역시 강서구","S020002370","강서초등학교","02","공립","N","","6","111","18.5","4","74","18.5","5","93","18.6","4","59","14.8","4","58","14.5","3","44","14.7","1","7","7","0","0","0","27","446","16.5","32","13.9"